account_id,account_name,industry,country,signup_date,referral_source,plan_tier_x,seats_x,is_trial_x,churn_flag_x,subscription_id,start_date,end_date,plan_tier_y,seats_y,mrr_amount,arr_amount,is_trial_y,upgrade_flag,downgrade_flag,churn_flag_y,billing_frequency,auto_renew_flag,churn_status
A-2e4581,Company_0,EdTech,US,2024-10-16,partner,Basic,9,False,False,S-3d7bed,2024-12-22,,Basic,44,836,10032,False,False,False,False,monthly,True,1.0
A-43a9e3,Company_1,FinTech,IN,2023-08-17,other,Basic,18,False,True,S-fa8c75,2024-07-08,,Pro,18,882,10584,False,False,False,False,monthly,True,0.0
A-0a282f,Company_2,DevTools,US,2024-08-27,organic,Basic,1,False,False,S-9c414f,2024-12-27,,Pro,2,98,1176,False,False,False,False,annual,True,1.0
A-1f0ac7,Company_3,HealthTech,UK,2023-08-27,other,Basic,24,True,False,S-fccc09,2024-12-20,,Pro,24,1176,14112,False,True,False,False,monthly,True,1.0
A-ce550d,Company_4,HealthTech,US,2024-10-27,event,Enterprise,35,False,True,S-79d1e0,2024-12-31,2024-12-31,Enterprise,109,21691,260292,False,False,False,True,monthly,True,1.0
A-1b9609,Company_5,EdTech,IN,2023-10-12,ads,Enterprise,4,False,False,S-afa7a7,2024-10-03,,Enterprise,25,0,0,True,False,False,False,annual,True,1.0
A-a0ca4e,Company_6,Cybersecurity,US,2024-03-08,ads,Pro,11,False,False,S-d26ff6,2024-12-01,,Enterprise,26,5174,62088,False,False,False,False,monthly,True,0.0
A-e5d6ab,Company_7,EdTech,US,2023-04-15,partner,Pro,3,False,False,S-7b211a,2024-11-10,,Pro,32,1568,18816,False,False,False,False,annual,True,1.0
A-7dacce,Company_8,Cybersecurity,CA,2024-09-10,event,Enterprise,12,False,True,S-31d765,2024-12-04,,Pro,12,0,0,True,True,False,False,annual,True,1.0
A-10b8da,Company_9,DevTools,US,2023-05-08,partner,Enterprise,14,False,True,S-6eb56d,2024-09-14,,Pro,34,1666,19992,False,False,False,False,monthly,True,0.0
A-592832,Company_10,Cybersecurity,US,2024-09-25,organic,Basic,18,False,True,S-0c63de,2024-12-31,,Pro,18,882,10584,False,False,False,False,annual,False,1.0
A-d40bf7,Company_11,FinTech,IN,2024-11-08,organic,Basic,59,False,False,S-7cd9fa,2024-12-29,,Basic,59,1121,13452,False,False,False,False,monthly,True,0.0
A-6c093d,Company_12,DevTools,US,2023-04-14,partner,Basic,7,True,False,S-4fc62f,2024-12-12,,Enterprise,7,0,0,True,False,False,False,annual,True,0.0
A-462d45,Company_13,Cybersecurity,US,2024-01-15,partner,Enterprise,11,True,False,S-82c91a,2024-12-10,,Pro,30,1470,17640,False,False,False,False,annual,True,1.0
A-956988,Company_14,EdTech,UK,2024-11-30,ads,Enterprise,1,False,False,S-f2ccdd,2024-12-30,,Enterprise,32,6368,76416,False,False,False,False,annual,True,1.0
A-ac14bb,Company_15,FinTech,US,2023-09-08,partner,Enterprise,21,False,False,S-049667,2024-07-03,,Basic,28,532,6384,False,True,False,False,annual,True,1.0
A-463db0,Company_16,HealthTech,US,2024-12-05,partner,Basic,15,False,False,S-3eb56d,2024-12-31,,Pro,15,735,8820,False,False,False,False,annual,True,1.0
A-ce66f8,Company_17,EdTech,CA,2023-08-23,event,Pro,29,False,False,S-2f138c,2024-07-27,,Pro,29,1421,17052,False,False,False,False,annual,True,0.0
A-c4ea60,Company_18,FinTech,DE,2023-03-09,other,Enterprise,18,False,True,S-a3791c,2024-12-17,,Enterprise,18,3582,42984,False,False,False,False,monthly,True,0.0
A-832ec2,Company_19,FinTech,UK,2023-11-19,event,Enterprise,4,True,False,S-460deb,2024-11-27,,Enterprise,22,4378,52536,False,True,False,False,annual,False,1.0
A-684255,Company_20,FinTech,US,2024-04-14,ads,Enterprise,9,False,False,S-65731a,2024-12-15,2024-12-26,Basic,9,0,0,True,False,True,True,annual,True,1.0
A-c42f1f,Company_21,HealthTech,US,2024-07-28,other,Pro,8,False,False,S-62b4fc,2024-12-29,,Basic,8,152,1824,False,False,False,False,monthly,True,0.0
A-4e44e8,Company_22,DevTools,US,2024-08-20,ads,Enterprise,3,False,True,S-99efdc,2024-12-19,,Enterprise,17,3383,40596,False,False,False,False,annual,True,1.0
A-30b4ca,Company_23,EdTech,IN,2024-05-20,organic,Basic,86,False,True,S-f9ec8f,2024-10-03,,Basic,86,1634,19608,False,False,False,False,annual,True,1.0
A-9f2731,Company_24,FinTech,IN,2024-10-04,event,Enterprise,1,False,False,S-c5f3d4,2024-11-22,,Pro,5,0,0,True,False,False,False,annual,True,1.0
A-32fb14,Company_25,DevTools,US,2023-03-07,event,Enterprise,26,False,True,S-33598f,2024-11-09,,Enterprise,26,5174,62088,False,False,False,False,annual,True,1.0
A-00cac8,Company_26,HealthTech,AU,2023-09-15,organic,Enterprise,8,True,False,S-c0ca82,2024-12-02,,Pro,19,931,11172,False,False,True,False,annual,True,0.0
A-35083d,Company_27,HealthTech,IN,2023-04-28,partner,Basic,19,False,True,S-22be2c,2024-12-15,,Enterprise,49,9751,117012,False,False,False,False,monthly,True,0.0
A-eb7fac,Company_28,DevTools,US,2023-10-28,organic,Enterprise,7,False,False,S-9464f8,2024-10-22,,Basic,26,494,5928,False,False,False,False,monthly,True,1.0
A-b20d99,Company_29,HealthTech,IN,2023-09-27,other,Basic,20,False,False,S-d6f31b,2024-11-03,,Enterprise,20,3980,47760,False,True,False,False,monthly,True,1.0
A-396e5f,Company_30,Cybersecurity,CA,2024-10-02,other,Enterprise,2,False,False,S-467918,2024-12-19,,Pro,34,1666,19992,False,False,False,False,monthly,False,1.0
A-45ce7a,Company_31,FinTech,US,2023-07-23,ads,Enterprise,16,False,False,S-41128b,2024-11-13,,Enterprise,16,3184,38208,False,False,False,False,monthly,True,0.0
A-08e34e,Company_32,EdTech,US,2024-06-27,event,Basic,14,False,True,S-6b534f,2024-12-31,,Enterprise,14,2786,33432,False,False,False,False,monthly,True,1.0
A-8145a0,Company_33,Cybersecurity,AU,2023-04-25,partner,Basic,2,True,False,S-d7c21d,2024-12-17,,Basic,15,285,3420,False,False,False,False,monthly,True,1.0
A-bad8c1,Company_34,FinTech,AU,2023-03-01,organic,Basic,7,False,False,S-6bdda7,2024-06-03,,Pro,37,1813,21756,False,False,False,False,monthly,True,1.0
A-44dc83,Company_35,EdTech,FR,2024-05-12,other,Basic,5,False,False,S-df3e3d,2024-11-26,,Enterprise,13,0,0,True,False,False,False,annual,True,1.0
A-f446b6,Company_36,DevTools,DE,2023-05-12,ads,Pro,5,True,False,S-57800a,2024-09-08,,Basic,5,95,1140,False,False,False,False,annual,True,0.0
A-a45270,Company_37,HealthTech,US,2024-06-24,ads,Enterprise,3,False,False,S-a50803,2024-12-23,,Basic,66,0,0,True,False,False,False,annual,True,1.0
A-854864,Company_38,FinTech,IN,2024-12-07,event,Enterprise,20,False,False,S-676254,2024-12-31,,Pro,20,980,11760,False,False,False,False,annual,True,1.0
A-1b7577,Company_39,Cybersecurity,US,2024-10-27,other,Pro,4,False,False,S-94fa70,2024-12-30,,Pro,41,2009,24108,False,False,False,False,monthly,True,0.0
A-05f0e5,Company_40,FinTech,US,2023-05-04,partner,Basic,32,False,False,S-e5bed6,2024-11-23,,Pro,58,2842,34104,False,False,False,False,annual,True,1.0
A-9077b0,Company_41,HealthTech,US,2024-08-25,ads,Basic,2,False,False,S-556071,2024-12-20,2024-12-30,Pro,63,0,0,True,False,False,True,monthly,True,0.0
A-7f8241,Company_42,EdTech,US,2023-03-14,organic,Pro,34,False,True,S-b2cfac,2024-12-24,,Enterprise,34,6766,81192,False,False,False,False,monthly,False,0.0
A-2bc93d,Company_43,HealthTech,US,2023-03-14,event,Basic,14,False,False,S-104053,2024-12-20,,Pro,35,1715,20580,False,False,False,False,monthly,True,1.0
A-f3ff05,Company_44,FinTech,IN,2024-07-06,other,Enterprise,2,False,False,S-180b6c,2024-12-02,,Basic,30,570,6840,False,False,False,False,monthly,True,1.0
A-2d4502,Company_45,FinTech,IN,2024-04-29,event,Basic,7,False,False,S-71cb15,2024-12-12,,Enterprise,34,6766,81192,False,False,False,False,annual,True,1.0
A-6a4e2d,Company_46,EdTech,UK,2023-04-07,partner,Pro,9,False,False,S-63e282,2024-10-15,2024-11-07,Pro,14,686,8232,False,True,False,True,annual,True,1.0
A-eb7c38,Company_47,DevTools,AU,2024-02-25,organic,Enterprise,5,False,False,S-a76521,2024-12-04,,Basic,33,627,7524,False,False,False,False,annual,True,1.0
A-c37601,Company_48,EdTech,US,2024-10-31,partner,Basic,6,True,False,S-06b9f0,2024-12-30,,Pro,8,0,0,True,False,False,False,annual,True,1.0
A-3b5cd1,Company_49,FinTech,US,2023-09-12,event,Basic,13,True,False,S-d959d3,2024-12-24,,Enterprise,21,4179,50148,False,False,False,False,annual,True,1.0
A-b2225d,Company_50,FinTech,US,2024-03-08,ads,Basic,47,False,True,S-380617,2024-12-10,,Basic,47,893,10716,False,False,False,False,annual,True,1.0
A-94f8c9,Company_51,HealthTech,US,2024-03-29,other,Basic,13,False,False,S-1eb467,2024-12-31,,Enterprise,13,2587,31044,False,False,False,False,monthly,True,1.0
A-02fac6,Company_52,FinTech,US,2023-04-06,event,Pro,22,False,False,S-a408fe,2024-10-18,,Pro,22,1078,12936,False,True,False,False,monthly,True,1.0
A-c1dfe1,Company_53,DevTools,DE,2023-08-07,ads,Pro,26,False,False,S-154918,2024-09-22,,Basic,26,494,5928,False,False,False,False,monthly,False,1.0
A-32728c,Company_54,DevTools,US,2023-01-03,event,Pro,20,False,True,S-4757c8,2024-09-17,,Basic,42,798,9576,False,False,False,False,annual,True,1.0
A-4c38bc,Company_55,HealthTech,UK,2024-03-09,event,Basic,36,False,True,S-9a7851,2024-12-27,2024-12-28,Pro,36,1764,21168,False,False,False,True,annual,True,0.0
A-1b707d,Company_56,Cybersecurity,US,2023-07-14,organic,Enterprise,1,False,False,S-47985c,2024-12-27,,Basic,2,0,0,True,False,False,False,annual,False,1.0
A-6f8ad2,Company_57,EdTech,IN,2024-07-09,organic,Basic,1,False,False,S-aa5012,2024-12-31,,Basic,41,779,9348,False,False,False,False,annual,False,0.0
A-4d1e75,Company_58,DevTools,US,2024-08-21,other,Basic,20,False,False,S-a2aa70,2024-12-17,,Pro,47,0,0,True,False,False,False,monthly,False,1.0
A-9ee962,Company_59,HealthTech,US,2023-02-28,ads,Basic,9,False,True,S-0ce88b,2024-07-18,,Basic,9,171,2052,False,False,False,False,annual,True,1.0
A-378b99,Company_60,EdTech,UK,2024-09-01,ads,Pro,8,True,False,S-4b9d7c,2024-12-05,,Pro,16,784,9408,False,False,True,False,annual,True,1.0
A-94d3da,Company_61,HealthTech,US,2023-05-03,other,Basic,41,False,False,S-244df8,2024-10-28,,Basic,41,779,9348,False,False,False,False,monthly,True,1.0
A-e351e1,Company_62,EdTech,US,2024-09-26,other,Enterprise,33,False,False,S-0509b8,2024-12-26,2024-12-29,Basic,33,627,7524,False,False,False,True,annual,True,1.0
A-9badbd,Company_63,Cybersecurity,DE,2024-06-19,ads,Enterprise,5,True,False,S-c41762,2024-12-21,2024-12-30,Enterprise,59,11741,140892,False,False,False,True,monthly,True,0.0
A-7e0a10,Company_64,FinTech,US,2023-11-18,ads,Enterprise,46,False,False,S-f030d4,2024-12-30,,Enterprise,70,13930,167160,False,False,False,False,annual,True,1.0
A-118d55,Company_65,Cybersecurity,US,2024-10-22,organic,Basic,8,False,False,S-7452a4,2024-12-30,2024-12-31,Enterprise,29,5771,69252,False,False,False,True,monthly,True,1.0
A-526d93,Company_66,HealthTech,FR,2024-04-14,organic,Basic,43,False,False,S-c2a14b,2024-11-08,2024-11-10,Enterprise,43,8557,102684,False,False,False,True,annual,False,1.0
A-f92792,Company_67,FinTech,US,2024-07-04,ads,Pro,1,False,False,S-c61dc9,2024-12-15,,Basic,19,361,4332,False,False,False,False,annual,False,1.0
A-84ebe4,Company_68,FinTech,US,2023-03-12,ads,Pro,18,True,True,S-6bb2c5,2024-11-18,,Enterprise,36,7164,85968,False,False,False,False,monthly,True,1.0
A-5b4ebb,Company_69,Cybersecurity,UK,2024-07-10,other,Basic,21,True,True,S-0c9fdd,2024-12-16,,Pro,30,1470,17640,False,False,False,False,annual,True,0.0
A-2922b6,Company_70,HealthTech,US,2024-11-14,organic,Basic,15,False,False,S-8dfd77,2024-12-25,,Pro,20,980,11760,False,True,False,False,annual,False,1.0
A-9b9fe9,Company_71,EdTech,AU,2023-09-28,other,Basic,5,False,False,S-7bd2d7,2024-11-28,,Enterprise,50,9950,119400,False,False,False,False,monthly,True,1.0
A-a8b49c,Company_72,Cybersecurity,UK,2023-10-06,partner,Basic,7,False,False,S-fbc35d,2024-10-17,,Pro,7,343,4116,False,False,False,False,annual,True,1.0
A-9174e0,Company_73,Cybersecurity,US,2024-12-04,partner,Basic,37,False,False,S-92afb8,2024-12-28,,Enterprise,37,7363,88356,False,True,False,False,annual,True,0.0
A-a1bbb6,Company_74,DevTools,CA,2023-04-05,organic,Basic,1,False,False,S-37dc91,2024-10-04,,Pro,15,0,0,True,False,False,False,annual,True,0.0
A-c45b23,Company_75,FinTech,UK,2023-12-08,partner,Basic,5,False,False,S-2361ec,2024-12-12,2024-12-15,Enterprise,26,5174,62088,False,False,False,True,annual,True,1.0
A-02cd81,Company_76,HealthTech,IN,2024-03-28,other,Basic,44,False,False,S-4da459,2024-12-29,,Pro,44,2156,25872,False,False,False,False,annual,True,1.0
A-ee42db,Company_77,EdTech,DE,2023-04-25,ads,Enterprise,13,False,False,S-3c9a70,2024-12-22,,Basic,30,570,6840,False,False,False,False,monthly,True,1.0
A-432483,Company_78,Cybersecurity,US,2023-02-06,ads,Pro,4,False,False,S-6cdfb7,2024-11-29,,Pro,31,1519,18228,False,False,False,False,annual,True,0.0
A-9208f0,Company_79,EdTech,US,2023-05-11,organic,Pro,1,False,True,S-e5fdf9,2024-08-09,,Basic,17,0,0,True,False,False,False,annual,True,1.0
A-98a59a,Company_80,FinTech,UK,2023-08-04,partner,Enterprise,56,False,False,S-de3170,2024-10-27,,Pro,56,2744,32928,False,False,False,False,annual,True,1.0
A-fe79a5,Company_81,HealthTech,IN,2024-02-21,ads,Basic,9,True,False,S-9bd0ec,2024-12-26,,Enterprise,9,1791,21492,False,False,False,False,annual,True,0.0
A-726cfa,Company_82,DevTools,US,2023-07-01,partner,Pro,11,False,False,S-fa0d9e,2024-12-16,,Enterprise,38,7562,90744,False,False,False,False,monthly,False,1.0
A-c43359,Company_83,FinTech,US,2024-11-16,organic,Pro,38,False,False,S-eec041,2024-12-22,,Basic,38,722,8664,False,True,False,False,monthly,True,1.0
A-271f46,Company_84,DevTools,US,2023-02-09,event,Pro,38,False,True,S-3da8ee,2024-11-22,,Enterprise,46,9154,109848,False,False,False,False,monthly,True,1.0
A-157070,Company_85,FinTech,US,2023-11-09,ads,Pro,16,False,False,S-7a9d40,2024-12-18,2024-12-26,Basic,38,722,8664,False,False,False,True,annual,True,1.0
A-40a557,Company_86,Cybersecurity,AU,2023-12-03,partner,Pro,16,True,False,S-12a13c,2024-12-14,,Enterprise,16,3184,38208,False,False,False,False,monthly,True,1.0
A-66224b,Company_87,HealthTech,US,2024-10-18,other,Pro,92,True,False,S-d859b7,2024-12-30,,Enterprise,92,0,0,True,False,False,False,annual,True,0.0
A-91e948,Company_88,EdTech,AU,2023-01-29,partner,Basic,41,False,False,S-683e1e,2024-11-09,,Enterprise,41,8159,97908,False,False,False,False,monthly,True,0.0
A-104f1a,Company_89,Cybersecurity,US,2024-08-17,other,Pro,24,False,False,S-2dad6b,2024-12-20,,Basic,34,646,7752,False,False,False,False,monthly,True,1.0
A-7988d1,Company_90,Cybersecurity,US,2023-12-20,other,Basic,33,False,False,S-891ad9,2024-12-03,,Basic,33,0,0,True,False,False,False,monthly,True,1.0
A-faa28c,Company_91,HealthTech,US,2024-01-30,organic,Enterprise,48,False,False,S-92dbcc,2024-12-25,,Pro,48,2352,28224,False,False,False,False,monthly,True,1.0
A-f25509,Company_92,EdTech,US,2024-03-22,other,Enterprise,32,False,False,S-f316d5,2024-12-26,,Basic,57,1083,12996,False,False,True,False,annual,True,1.0
A-3a7284,Company_93,FinTech,US,2024-11-17,organic,Enterprise,31,False,False,S-7be036,2024-12-28,,Pro,31,1519,18228,False,True,False,False,annual,True,1.0
A-3a5ad8,Company_94,HealthTech,US,2023-12-05,organic,Enterprise,9,True,False,S-79a9e1,2024-12-25,,Enterprise,22,0,0,True,False,False,False,annual,True,0.0
A-65a46c,Company_95,HealthTech,US,2023-11-04,event,Pro,1,False,False,S-21bd9b,2024-12-24,,Pro,35,1715,20580,False,False,False,False,annual,True,0.0
A-8b25f2,Company_96,Cybersecurity,US,2024-02-17,ads,Pro,6,False,True,S-f5ce8e,2024-12-15,,Enterprise,13,2587,31044,False,False,False,False,monthly,True,0.0
A-fabe19,Company_97,DevTools,UK,2024-11-11,ads,Enterprise,1,False,False,S-e0a4c5,2024-12-26,,Enterprise,1,0,0,True,True,False,False,monthly,False,0.0
A-adc1f3,Company_98,Cybersecurity,US,2024-08-05,organic,Pro,2,False,False,S-b821f4,2024-12-21,,Enterprise,5,995,11940,False,False,False,False,monthly,True,0.0
A-503d5a,Company_99,FinTech,US,2023-10-21,other,Enterprise,4,False,True,S-88338a,2024-12-19,,Enterprise,56,11144,133728,False,False,False,False,annual,False,0.0
A-fd7ad3,Company_100,Cybersecurity,US,2024-11-01,event,Enterprise,1,False,False,S-4f43fd,2024-12-26,,Basic,29,551,6612,False,False,False,False,monthly,True,1.0
A-186a44,Company_101,HealthTech,US,2023-08-07,ads,Enterprise,20,False,False,S-d65491,2024-12-17,,Pro,20,0,0,True,False,False,False,annual,True,0.0
A-e888d1,Company_102,Cybersecurity,US,2023-03-28,other,Pro,14,False,False,S-80c296,2024-12-19,,Pro,17,833,9996,False,False,False,False,monthly,True,1.0
A-69fad4,Company_103,FinTech,UK,2023-04-06,ads,Basic,6,False,True,S-e0179e,2024-03-24,,Pro,13,0,0,True,False,False,False,monthly,True,1.0
A-9289f6,Company_104,EdTech,US,2023-05-31,event,Enterprise,1,False,False,S-b81c82,2024-12-17,,Pro,25,1225,14700,False,True,False,False,annual,False,1.0
A-f19409,Company_105,DevTools,US,2023-03-16,other,Basic,23,False,True,S-2e55e6,2024-12-20,,Basic,35,665,7980,False,False,False,False,annual,False,1.0
A-22f2df,Company_106,DevTools,US,2024-12-14,ads,Basic,3,False,False,S-47cfb3,2024-12-30,,Basic,11,209,2508,False,False,False,False,annual,True,0.0
A-039727,Company_107,EdTech,AU,2024-11-02,organic,Pro,25,False,False,S-e6a17a,2024-12-19,2024-12-30,Enterprise,25,4975,59700,False,True,False,True,annual,True,1.0
A-2e3bad,Company_108,FinTech,CA,2023-08-13,other,Pro,61,False,False,S-3bd427,2024-12-04,2024-12-27,Basic,61,1159,13908,False,False,False,True,monthly,True,1.0
A-484819,Company_109,HealthTech,US,2023-02-21,organic,Pro,18,False,False,S-ac8fd3,2024-11-13,,Enterprise,18,3582,42984,False,True,False,False,monthly,True,1.0
A-425e76,Company_110,DevTools,UK,2023-05-17,other,Enterprise,8,False,True,S-18b808,2024-08-13,,Enterprise,9,1791,21492,False,False,False,False,annual,True,1.0
A-e83938,Company_111,DevTools,UK,2023-11-21,other,Pro,2,True,True,S-caca4f,2024-12-06,,Basic,54,1026,12312,False,False,False,False,annual,False,1.0
A-ad296b,Company_112,DevTools,AU,2024-07-15,event,Pro,38,False,False,S-ddc51c,2024-12-09,,Pro,38,1862,22344,False,False,False,False,annual,True,0.0
A-e51ec7,Company_113,FinTech,CA,2023-09-23,partner,Enterprise,2,False,False,S-2852dd,2024-12-19,,Enterprise,10,1990,23880,False,False,False,False,monthly,True,1.0
A-0aaf6e,Company_114,FinTech,US,2024-05-11,organic,Enterprise,3,False,False,S-88d746,2024-12-26,,Enterprise,18,3582,42984,False,False,False,False,monthly,True,0.0
A-e61e98,Company_115,FinTech,US,2023-10-20,partner,Enterprise,19,False,True,S-05b245,2024-09-01,,Enterprise,34,6766,81192,False,False,False,False,annual,True,1.0
A-92a333,Company_116,FinTech,US,2023-03-24,event,Enterprise,9,False,False,S-f26ae0,2024-07-04,,Basic,9,171,2052,False,False,False,False,monthly,True,0.0
A-95b24a,Company_117,FinTech,US,2023-06-06,event,Pro,38,False,True,S-c35f78,2024-10-11,,Pro,38,0,0,True,True,False,False,annual,True,0.0
A-42e5e1,Company_118,DevTools,US,2024-07-09,ads,Pro,1,False,True,S-9f7b07,2024-11-28,,Pro,10,490,5880,False,False,False,False,annual,False,1.0
A-7d514c,Company_119,HealthTech,DE,2024-02-03,organic,Enterprise,17,False,False,S-8a46fe,2024-12-05,,Enterprise,17,3383,40596,False,False,False,False,monthly,True,0.0
A-65aeb5,Company_120,DevTools,US,2024-01-25,partner,Pro,9,False,False,S-6ce221,2024-10-10,2024-12-03,Basic,9,171,2052,False,False,False,True,annual,True,1.0
A-e2cd1b,Company_121,DevTools,US,2024-02-04,other,Enterprise,15,False,False,S-3f18be,2024-12-26,,Enterprise,16,3184,38208,False,False,False,False,annual,True,0.0
A-180abf,Company_122,DevTools,US,2023-08-14,event,Pro,64,False,True,S-e9395e,2024-12-20,,Pro,64,3136,37632,False,True,False,False,monthly,True,1.0
A-f17767,Company_123,DevTools,US,2023-01-30,event,Enterprise,1,True,True,S-1f8215,2024-12-10,,Pro,15,735,8820,False,False,False,False,annual,True,1.0
A-5a184f,Company_124,DevTools,DE,2023-06-19,other,Enterprise,1,False,True,S-44046d,2024-11-06,2024-12-13,Basic,36,684,8208,False,False,False,True,annual,True,1.0
A-7df7a7,Company_125,DevTools,US,2023-01-28,organic,Basic,7,False,True,S-8486d2,2024-12-28,,Enterprise,30,5970,71640,False,False,False,False,annual,True,1.0
A-1ac5e0,Company_126,DevTools,US,2024-10-20,event,Basic,33,False,True,S-53361d,2024-12-30,,Enterprise,33,0,0,True,False,False,False,monthly,False,0.0
A-52dd88,Company_127,Cybersecurity,US,2023-02-21,ads,Pro,23,False,False,S-36480d,2024-12-04,,Pro,30,1470,17640,False,False,False,False,annual,True,0.0
A-bece89,Company_128,Cybersecurity,IN,2023-12-01,event,Pro,26,False,False,S-6e81f5,2024-10-18,,Pro,38,1862,22344,False,False,False,False,annual,True,1.0
A-029f69,Company_129,Cybersecurity,CA,2024-03-07,event,Basic,3,False,False,S-21c164,2024-12-31,,Basic,34,646,7752,False,False,False,False,annual,True,1.0
A-5c046d,Company_130,EdTech,FR,2024-07-06,partner,Basic,93,False,False,S-aced77,2024-12-20,,Enterprise,93,18507,222084,False,False,False,False,annual,True,0.0
A-fb186e,Company_131,EdTech,IN,2024-10-27,organic,Basic,29,False,False,S-d7d398,2024-12-28,,Enterprise,29,0,0,True,False,False,False,annual,True,0.0
A-ae052e,Company_132,FinTech,CA,2023-09-11,other,Basic,39,False,False,S-f4e174,2024-12-17,,Basic,39,0,0,True,False,False,False,annual,True,1.0
A-9f9299,Company_133,FinTech,US,2023-09-02,organic,Enterprise,28,True,False,S-54df4c,2024-11-18,,Pro,28,1372,16464,False,False,False,False,annual,True,1.0
A-96e141,Company_134,DevTools,UK,2023-08-12,partner,Basic,14,False,False,S-984423,2024-08-21,,Enterprise,25,4975,59700,False,False,False,False,monthly,True,1.0
A-117171,Company_135,HealthTech,FR,2024-09-12,organic,Basic,45,False,True,S-1fb7ac,2024-12-14,2024-12-17,Pro,45,2205,26460,False,False,False,True,annual,True,1.0
A-313be3,Company_136,EdTech,US,2023-11-15,partner,Enterprise,47,True,False,S-70cc83,2024-12-16,,Pro,47,2303,27636,False,False,False,False,monthly,True,1.0
A-671f31,Company_137,DevTools,US,2024-11-24,ads,Basic,59,False,False,S-814624,2024-12-28,,Enterprise,82,0,0,True,False,True,False,annual,True,0.0
A-bbc346,Company_138,FinTech,US,2024-08-29,partner,Enterprise,19,False,False,S-56ed05,2024-12-24,,Pro,19,0,0,True,False,True,False,annual,True,1.0
A-c16101,Company_139,EdTech,IN,2024-09-06,other,Basic,7,False,False,S-b152d6,2024-12-25,,Pro,7,343,4116,False,False,False,False,monthly,True,1.0
A-50f3f7,Company_140,HealthTech,US,2023-12-22,partner,Basic,31,False,True,S-f020d4,2024-12-17,,Enterprise,31,6169,74028,False,False,False,False,annual,True,0.0
A-7da956,Company_141,Cybersecurity,US,2024-06-02,event,Pro,13,True,False,S-808efb,2024-11-16,,Enterprise,15,2985,35820,False,False,True,False,monthly,True,0.0
A-019782,Company_142,DevTools,FR,2023-04-19,event,Enterprise,11,False,False,S-2fd650,2024-12-04,,Enterprise,15,0,0,True,False,False,False,annual,False,0.0
A-df10db,Company_143,DevTools,US,2023-06-06,other,Enterprise,2,True,False,S-fa7c1a,2024-10-21,,Enterprise,12,2388,28656,False,False,False,False,monthly,True,1.0
A-3932db,Company_144,HealthTech,CA,2023-10-04,other,Pro,19,True,True,S-697d16,2024-12-31,,Enterprise,19,0,0,True,False,False,False,monthly,True,0.0
A-4f18f0,Company_145,DevTools,CA,2024-04-21,other,Pro,24,True,False,S-1c7a41,2024-12-20,,Basic,24,456,5472,False,False,False,False,monthly,True,1.0
A-4c6f11,Company_146,FinTech,CA,2023-11-27,organic,Pro,24,True,True,S-d322a2,2024-08-01,,Basic,24,456,5472,False,False,False,False,monthly,True,1.0
A-8ae05d,Company_147,FinTech,IN,2024-04-06,other,Enterprise,86,False,False,S-b8c3e6,2024-12-13,,Enterprise,86,0,0,True,False,False,False,monthly,True,1.0
A-b78bf8,Company_148,DevTools,US,2024-11-15,event,Pro,33,False,False,S-75e469,2024-12-28,,Pro,33,1617,19404,False,False,False,False,monthly,True,1.0
A-eafc6e,Company_149,DevTools,US,2023-07-06,partner,Pro,27,False,True,S-779baa,2024-10-30,,Basic,30,0,0,True,False,False,False,monthly,True,1.0
A-37f969,Company_150,HealthTech,IN,2023-10-14,partner,Enterprise,30,False,False,S-3947da,2024-09-12,,Enterprise,30,5970,71640,False,True,False,False,annual,True,1.0
A-10b8f2,Company_151,HealthTech,DE,2023-01-11,organic,Basic,47,True,False,S-1cefc9,2024-12-16,,Pro,48,2352,28224,False,False,False,False,annual,True,1.0
A-439b2f,Company_152,DevTools,US,2024-02-21,ads,Enterprise,1,False,True,S-83ee75,2024-12-27,,Pro,26,1274,15288,False,True,False,False,monthly,True,1.0
A-544d0a,Company_153,DevTools,US,2024-05-02,organic,Basic,2,True,False,S-778c7e,2024-12-19,,Enterprise,2,398,4776,False,True,False,False,annual,False,0.0
A-ba6516,Company_154,FinTech,US,2023-10-29,ads,Pro,27,False,False,S-2f0291,2024-11-24,,Enterprise,27,5373,64476,False,False,False,False,annual,True,1.0
A-712426,Company_155,HealthTech,US,2024-11-10,other,Enterprise,9,False,False,S-fcd231,2024-12-31,,Enterprise,63,0,0,True,False,False,False,annual,True,1.0
A-038089,Company_156,DevTools,FR,2023-12-19,other,Pro,5,False,True,S-7003c5,2024-12-30,,Basic,5,95,1140,False,False,False,False,annual,True,1.0
A-afa505,Company_157,DevTools,US,2023-12-27,partner,Basic,70,True,False,S-4291f7,2024-11-19,,Enterprise,70,13930,167160,False,True,False,False,monthly,False,1.0
A-d5a319,Company_158,FinTech,US,2023-05-04,other,Enterprise,15,False,True,S-e66253,2024-11-19,,Enterprise,15,2985,35820,False,False,False,False,annual,True,0.0
A-f97b9a,Company_159,FinTech,US,2023-07-09,event,Pro,16,False,False,S-5a1d20,2024-12-08,,Pro,16,784,9408,False,False,False,False,annual,True,0.0
A-2f6a32,Company_160,HealthTech,US,2024-08-26,organic,Basic,19,False,False,S-55d53c,2024-12-08,,Basic,19,361,4332,False,False,False,False,annual,True,0.0
A-856b1e,Company_161,FinTech,US,2023-10-31,partner,Basic,19,False,False,S-7f5316,2024-10-17,,Basic,19,0,0,True,False,False,False,monthly,True,0.0
A-17939a,Company_162,HealthTech,US,2024-12-26,organic,Basic,1,False,False,S-8707e7,2024-12-31,,Basic,14,266,3192,False,False,False,False,annual,True,0.0
A-d27f50,Company_163,Cybersecurity,UK,2024-07-20,ads,Enterprise,44,False,False,S-6f488b,2024-12-29,2024-12-29,Basic,44,836,10032,False,False,False,True,annual,False,0.0
A-e36807,Company_164,EdTech,AU,2024-05-17,other,Pro,6,False,False,S-003647,2024-12-23,,Enterprise,9,1791,21492,False,False,False,False,monthly,True,0.0
A-ff79f2,Company_165,DevTools,US,2024-04-25,ads,Basic,8,False,True,S-4f0027,2024-12-31,2024-12-31,Enterprise,19,3781,45372,False,False,False,True,annual,True,0.0
A-5b1bcd,Company_166,DevTools,US,2023-09-16,organic,Pro,73,False,False,S-e9257d,2024-12-31,,Pro,73,3577,42924,False,True,False,False,annual,False,1.0
A-71615e,Company_167,EdTech,US,2024-05-18,organic,Basic,15,False,False,S-738d4a,2024-12-06,,Pro,15,735,8820,False,False,False,False,annual,True,1.0
A-794a0b,Company_168,HealthTech,DE,2023-06-02,organic,Basic,23,False,False,S-38ac0c,2024-07-05,,Enterprise,31,6169,74028,False,False,False,False,monthly,True,1.0
A-86902e,Company_169,HealthTech,IN,2023-05-02,other,Enterprise,34,False,False,S-b83d8d,2024-12-11,,Enterprise,34,6766,81192,False,False,False,False,annual,True,1.0
A-0532a9,Company_170,FinTech,IN,2024-09-25,event,Pro,19,False,False,S-c1f8e1,2024-12-26,,Pro,19,931,11172,False,True,False,False,annual,False,1.0
A-9779ad,Company_171,Cybersecurity,AU,2024-03-29,event,Pro,40,True,True,S-0896bc,2024-12-16,,Enterprise,40,7960,95520,False,False,False,False,monthly,False,1.0
A-f45426,Company_172,HealthTech,US,2024-08-05,organic,Basic,9,False,False,S-2126cd,2024-12-29,,Pro,9,441,5292,False,False,False,False,monthly,False,1.0
A-c1e51e,Company_173,FinTech,US,2024-10-02,organic,Basic,3,False,False,S-222167,2024-12-29,2024-12-31,Basic,41,779,9348,False,False,False,True,annual,True,1.0
A-fa3095,Company_174,FinTech,US,2023-09-03,ads,Basic,70,False,False,S-33db08,2024-12-30,,Basic,70,1330,15960,False,False,False,False,annual,True,1.0
A-ad64c6,Company_175,DevTools,UK,2024-02-23,event,Pro,12,False,False,S-28e360,2024-11-20,,Enterprise,28,5572,66864,False,False,False,False,annual,True,1.0
A-39b19f,Company_176,FinTech,US,2023-02-03,partner,Enterprise,1,False,False,S-d7497b,2024-11-07,,Basic,13,247,2964,False,False,False,False,monthly,True,1.0
A-56962b,Company_177,EdTech,UK,2024-04-09,partner,Enterprise,163,False,False,S-e98121,2024-12-15,,Enterprise,163,32437,389244,False,False,False,False,monthly,True,1.0
A-e60f9d,Company_178,FinTech,US,2024-08-26,other,Basic,29,False,False,S-1bd2ec,2024-12-25,2024-12-28,Basic,38,722,8664,False,False,False,True,annual,True,0.0
A-88c6ca,Company_179,FinTech,DE,2024-10-25,ads,Basic,5,False,True,S-866608,2024-12-23,,Pro,23,1127,13524,False,False,False,False,annual,True,0.0
A-158f4e,Company_180,FinTech,IN,2023-03-03,other,Enterprise,61,False,False,S-3ad334,2024-11-23,,Enterprise,61,12139,145668,False,False,False,False,monthly,True,1.0
A-5b051a,Company_181,Cybersecurity,US,2024-08-05,event,Enterprise,22,False,False,S-ad31b0,2024-12-29,,Pro,22,1078,12936,False,False,False,False,monthly,True,0.0
A-296d7c,Company_182,DevTools,DE,2023-11-08,other,Enterprise,2,False,False,S-cdfe99,2024-11-26,,Pro,6,294,3528,False,False,False,False,annual,True,1.0
A-1619f8,Company_183,DevTools,US,2024-05-20,organic,Pro,29,False,False,S-ccc0fe,2024-11-28,,Basic,29,551,6612,False,False,False,False,monthly,True,1.0
A-a1b80b,Company_184,HealthTech,US,2023-11-27,organic,Basic,16,False,False,S-791c64,2024-11-07,,Pro,16,0,0,True,False,False,False,annual,True,1.0
A-139c3b,Company_185,HealthTech,US,2024-11-21,organic,Enterprise,10,True,True,S-6fa3a3,2024-12-30,,Pro,10,490,5880,False,False,False,False,annual,True,0.0
A-702032,Company_186,HealthTech,US,2023-10-03,ads,Pro,28,False,False,S-9b12da,2024-12-13,2024-12-21,Pro,28,1372,16464,False,False,False,True,annual,True,1.0
A-7a0d69,Company_187,DevTools,DE,2024-06-15,ads,Enterprise,4,True,True,S-f039f9,2024-12-10,,Enterprise,16,3184,38208,False,False,False,False,monthly,True,1.0
A-22d9d2,Company_188,DevTools,FR,2024-03-22,event,Pro,8,False,False,S-eed91a,2024-12-17,2024-12-20,Pro,32,1568,18816,False,False,True,True,monthly,True,1.0
A-b9eed8,Company_189,Cybersecurity,US,2024-02-23,organic,Basic,11,False,False,S-6c9ec4,2024-11-30,,Basic,18,342,4104,False,False,False,False,monthly,True,1.0
A-dfbd31,Company_190,DevTools,UK,2023-12-04,partner,Enterprise,14,False,False,S-91c435,2024-12-09,,Basic,14,266,3192,False,False,False,False,monthly,True,1.0
A-8e47ca,Company_191,HealthTech,US,2024-02-15,organic,Pro,19,False,False,S-93dc0e,2024-11-03,2024-12-09,Enterprise,25,4975,59700,False,False,False,True,monthly,True,1.0
A-4437e4,Company_192,Cybersecurity,US,2023-09-16,event,Enterprise,3,False,False,S-88a47f,2024-12-23,,Basic,9,171,2052,False,False,False,False,annual,True,1.0
A-779e4e,Company_193,HealthTech,US,2023-01-02,organic,Basic,5,False,False,S-694aa7,2024-09-18,,Basic,98,1862,22344,False,False,False,False,annual,True,0.0
A-53f4e3,Company_194,Cybersecurity,UK,2024-06-14,event,Enterprise,13,False,False,S-559e85,2024-12-22,,Pro,29,1421,17052,False,False,False,False,monthly,True,1.0
A-692f18,Company_195,EdTech,US,2024-03-28,other,Basic,5,True,True,S-c22c29,2024-12-15,2024-12-17,Enterprise,28,5572,66864,False,False,False,True,annual,True,1.0
A-13466a,Company_196,DevTools,AU,2023-10-22,event,Basic,2,False,True,S-3223a2,2024-09-20,,Basic,9,171,2052,False,False,False,False,annual,True,1.0
A-1986ca,Company_197,HealthTech,IN,2023-01-30,ads,Pro,20,False,False,S-e95f57,2024-09-24,,Enterprise,20,3980,47760,False,False,False,False,monthly,False,0.0
A-0cc442,Company_198,EdTech,US,2024-07-18,organic,Basic,45,False,False,S-add03a,2024-12-18,,Enterprise,45,8955,107460,False,False,False,False,annual,True,1.0
A-c608c8,Company_199,DevTools,DE,2023-04-27,ads,Pro,3,False,True,S-4473ec,2024-10-12,,Pro,21,1029,12348,False,False,False,False,annual,True,1.0
A-3be56b,Company_200,HealthTech,IN,2023-10-26,event,Pro,3,False,True,S-cde950,2024-12-01,,Basic,20,380,4560,False,False,False,False,annual,False,1.0
A-354f12,Company_201,FinTech,US,2024-04-28,ads,Pro,1,True,False,S-078c2b,2024-11-08,,Basic,7,133,1596,False,False,False,False,monthly,True,1.0
A-68f37c,Company_202,HealthTech,US,2023-07-15,ads,Basic,4,False,False,S-fc8f09,2024-10-05,,Enterprise,4,796,9552,False,True,False,False,monthly,True,1.0
A-aa9511,Company_203,DevTools,US,2023-10-10,other,Pro,23,True,False,S-e41941,2024-12-12,,Enterprise,30,5970,71640,False,False,False,False,monthly,False,1.0
A-af0cd2,Company_204,Cybersecurity,IN,2023-01-03,other,Enterprise,19,True,False,S-d8c6a0,2024-10-05,,Basic,57,1083,12996,False,False,False,False,annual,True,1.0
A-bd4513,Company_205,DevTools,AU,2024-11-06,event,Enterprise,50,True,False,S-605115,2024-12-30,,Basic,50,950,11400,False,False,False,False,annual,True,1.0
A-c222ab,Company_206,Cybersecurity,US,2024-05-10,other,Pro,32,False,True,S-89e98a,2024-12-27,,Pro,32,1568,18816,False,False,False,False,monthly,True,1.0
A-34d880,Company_207,Cybersecurity,AU,2024-04-11,ads,Enterprise,4,False,False,S-f8e091,2024-10-21,,Enterprise,5,995,11940,False,False,False,False,monthly,True,1.0
A-508199,Company_208,FinTech,AU,2024-01-28,event,Basic,19,False,False,S-a2cd6a,2024-12-11,,Enterprise,19,0,0,True,False,False,False,monthly,True,0.0
A-f03140,Company_209,DevTools,IN,2023-11-22,event,Pro,27,True,False,S-ffd1ee,2024-11-06,,Pro,27,0,0,True,False,False,False,annual,True,1.0
A-410e86,Company_210,FinTech,US,2024-11-10,organic,Basic,24,False,False,S-2b2532,2024-12-25,,Enterprise,24,4776,57312,False,False,False,False,monthly,False,0.0
A-fa2041,Company_211,HealthTech,US,2024-05-29,organic,Pro,15,True,False,S-48c5be,2024-12-05,,Pro,39,0,0,True,False,False,False,annual,True,1.0
A-de58ca,Company_212,HealthTech,DE,2023-04-13,organic,Enterprise,15,False,False,S-6e780e,2024-09-01,,Enterprise,36,7164,85968,False,False,False,False,annual,True,0.0
A-05d3b3,Company_213,DevTools,AU,2023-05-28,ads,Basic,9,True,False,S-3ee288,2024-10-01,,Enterprise,19,3781,45372,False,False,False,False,annual,True,1.0
A-249769,Company_214,Cybersecurity,US,2024-04-25,event,Enterprise,4,False,True,S-882f1d,2024-11-21,,Basic,7,133,1596,False,False,False,False,annual,True,1.0
A-e43bf7,Company_215,Cybersecurity,AU,2023-03-24,other,Pro,44,False,False,S-ee2669,2024-12-29,,Enterprise,44,8756,105072,False,False,False,False,annual,True,1.0
A-eb2fdc,Company_216,DevTools,AU,2023-11-21,organic,Enterprise,31,False,True,S-e44044,2024-12-19,,Basic,31,589,7068,False,False,False,False,annual,True,1.0
A-e1462e,Company_217,FinTech,UK,2023-03-12,partner,Basic,15,False,False,S-4a8fda,2024-11-20,,Basic,15,285,3420,False,False,False,False,annual,False,1.0
A-cab532,Company_218,DevTools,FR,2023-04-03,organic,Pro,11,True,False,S-88cb91,2024-12-16,,Pro,35,1715,20580,False,False,False,False,annual,True,1.0
A-9123ac,Company_219,Cybersecurity,DE,2023-06-20,organic,Pro,9,False,False,S-d34b17,2024-10-21,,Enterprise,18,3582,42984,False,False,False,False,annual,True,1.0
A-6e08f3,Company_220,Cybersecurity,US,2023-02-27,event,Basic,8,False,False,S-2480b0,2024-12-27,,Basic,13,247,2964,False,False,False,False,annual,True,1.0
A-d922bf,Company_221,HealthTech,US,2023-09-08,ads,Basic,5,True,True,S-8b4074,2024-12-10,,Enterprise,9,1791,21492,False,False,False,False,annual,True,1.0
A-8ed5dd,Company_222,EdTech,UK,2023-06-29,event,Enterprise,5,False,True,S-713c12,2024-11-27,,Basic,15,285,3420,False,False,True,False,monthly,True,1.0
A-7c6b6b,Company_223,FinTech,US,2024-11-30,other,Basic,6,False,False,S-32ab86,2024-12-28,,Pro,23,1127,13524,False,False,False,False,monthly,True,1.0
A-3c1a3f,Company_224,DevTools,UK,2023-08-26,event,Pro,1,False,False,S-72a3e2,2024-10-26,,Basic,7,133,1596,False,False,False,False,annual,False,0.0
A-b48f73,Company_225,EdTech,AU,2024-11-13,event,Pro,80,True,False,S-323f3e,2024-12-27,,Pro,80,3920,47040,False,False,False,False,annual,False,0.0
A-76fa4d,Company_226,HealthTech,US,2024-11-24,event,Pro,69,False,False,S-b01b1c,2024-12-24,,Pro,69,3381,40572,False,False,False,False,monthly,True,1.0
A-b2af2e,Company_227,Cybersecurity,UK,2024-08-24,event,Enterprise,5,False,False,S-635c1e,2024-12-31,,Basic,54,1026,12312,False,False,True,False,annual,False,1.0
A-9bfc9f,Company_228,DevTools,CA,2023-09-14,ads,Pro,53,False,False,S-5ede24,2024-07-30,,Pro,60,2940,35280,False,False,False,False,monthly,True,0.0
A-4ae22a,Company_229,EdTech,US,2024-05-09,other,Pro,6,False,True,S-68dca1,2024-12-23,,Basic,28,532,6384,False,False,False,False,annual,True,1.0
A-fda07f,Company_230,Cybersecurity,FR,2024-08-11,partner,Basic,7,False,False,S-7077ab,2024-12-30,,Basic,14,266,3192,False,False,False,False,monthly,True,1.0
A-de24d5,Company_231,DevTools,US,2024-11-05,other,Enterprise,5,True,False,S-c98905,2024-12-28,,Pro,5,245,2940,False,False,False,False,monthly,False,0.0
A-977ca0,Company_232,HealthTech,IN,2023-02-20,partner,Basic,6,False,True,S-dfbd79,2024-11-24,2024-11-24,Pro,14,686,8232,False,False,False,True,annual,True,0.0
A-ab438f,Company_233,Cybersecurity,US,2024-09-13,ads,Enterprise,13,False,True,S-f0e458,2024-12-27,,Pro,77,0,0,True,False,False,False,monthly,True,1.0
A-e89151,Company_234,FinTech,UK,2023-09-14,organic,Pro,8,True,True,S-a68b52,2024-12-17,,Enterprise,44,8756,105072,False,False,False,False,annual,True,0.0
A-40906c,Company_235,EdTech,US,2024-03-27,ads,Basic,92,False,False,S-77c880,2024-12-01,,Pro,92,4508,54096,False,False,False,False,annual,True,0.0
A-81edc3,Company_236,Cybersecurity,IN,2023-10-30,ads,Basic,5,False,False,S-a3300f,2024-12-16,,Enterprise,5,995,11940,False,False,False,False,annual,True,1.0
A-328bd0,Company_237,HealthTech,AU,2023-05-16,partner,Enterprise,18,False,False,S-67c1d8,2024-12-18,,Pro,18,882,10584,False,False,True,False,annual,True,0.0
A-b3fe05,Company_238,Cybersecurity,CA,2024-05-28,partner,Pro,8,False,False,S-cfcb11,2024-12-20,,Basic,19,0,0,True,False,False,False,annual,False,0.0
A-09540c,Company_239,Cybersecurity,CA,2023-10-30,event,Basic,67,True,False,S-a18bb2,2024-12-22,,Pro,67,3283,39396,False,False,False,False,monthly,True,1.0
A-e693b6,Company_240,FinTech,AU,2023-05-25,event,Enterprise,55,False,True,S-770d98,2024-11-19,,Enterprise,55,10945,131340,False,False,False,False,annual,True,1.0
A-2446e3,Company_241,EdTech,IN,2024-01-10,organic,Pro,27,False,False,S-fe6eb1,2024-12-09,,Enterprise,27,5373,64476,False,False,False,False,monthly,True,1.0
A-241e75,Company_242,EdTech,US,2024-07-03,partner,Enterprise,3,False,False,S-fe910d,2024-10-19,,Basic,5,95,1140,False,False,False,False,monthly,True,1.0
A-922109,Company_243,Cybersecurity,US,2024-01-26,ads,Pro,3,False,False,S-2d494e,2024-12-01,,Basic,5,0,0,True,False,False,False,monthly,True,1.0
A-ff3c73,Company_244,HealthTech,AU,2023-01-26,other,Pro,21,False,False,S-f30a79,2024-10-20,,Basic,21,399,4788,False,False,False,False,annual,True,1.0
A-8b0451,Company_245,FinTech,UK,2024-09-16,event,Enterprise,41,False,False,S-bf424e,2024-12-22,,Enterprise,41,8159,97908,False,False,False,False,annual,True,1.0
A-331424,Company_246,DevTools,US,2023-11-06,organic,Basic,11,False,False,S-91ec54,2024-11-04,,Pro,11,0,0,True,False,False,False,monthly,False,1.0
A-51ec1b,Company_247,DevTools,US,2023-11-08,ads,Enterprise,7,False,False,S-3bd95c,2024-11-12,,Enterprise,17,3383,40596,False,True,False,False,annual,True,1.0
A-bcf664,Company_248,DevTools,US,2023-05-19,other,Pro,5,False,False,S-14d060,2024-12-12,,Pro,47,2303,27636,False,False,False,False,annual,True,1.0
A-90a8c8,Company_249,FinTech,AU,2024-08-24,organic,Pro,15,False,False,S-58a152,2024-12-03,,Enterprise,15,2985,35820,False,False,False,False,monthly,False,1.0
A-86cdb4,Company_250,DevTools,DE,2024-09-22,partner,Basic,2,False,False,S-684751,2024-12-31,,Basic,17,323,3876,False,False,False,False,monthly,True,0.0
A-4bfa33,Company_251,Cybersecurity,US,2024-12-07,event,Basic,8,True,False,S-b8daaa,2024-12-25,,Enterprise,8,0,0,True,False,False,False,annual,True,1.0
A-dbc825,Company_252,EdTech,FR,2024-01-07,partner,Enterprise,19,False,False,S-cd6bb6,2024-11-25,,Basic,19,361,4332,False,False,False,False,annual,True,1.0
A-c70870,Company_253,Cybersecurity,US,2024-10-22,partner,Basic,31,False,False,S-78f738,2024-12-29,,Enterprise,170,33830,405960,False,False,True,False,monthly,True,1.0
A-7c4956,Company_254,DevTools,US,2023-05-06,ads,Enterprise,5,False,True,S-6fde5e,2024-12-20,,Basic,27,513,6156,False,False,False,False,annual,True,0.0
A-0651a4,Company_255,HealthTech,FR,2024-10-16,organic,Pro,16,False,False,S-8c10c1,2024-12-25,,Enterprise,65,12935,155220,False,False,False,False,annual,True,1.0
A-3ce5b8,Company_256,FinTech,IN,2023-09-07,ads,Basic,8,False,True,S-e4a862,2024-10-03,,Enterprise,8,0,0,True,False,False,False,annual,True,1.0
A-bd4708,Company_257,FinTech,US,2024-07-21,ads,Pro,37,True,False,S-bd1ee1,2024-12-18,,Enterprise,37,7363,88356,False,False,False,False,monthly,True,0.0
A-993085,Company_258,HealthTech,US,2023-06-01,ads,Basic,31,True,False,S-0455a5,2024-10-22,2024-11-10,Enterprise,42,8358,100296,False,True,False,True,monthly,False,1.0
A-92a3af,Company_259,Cybersecurity,IN,2024-07-07,organic,Enterprise,25,False,False,S-9a065e,2024-11-24,,Pro,25,1225,14700,False,False,False,False,monthly,True,0.0
A-151c9a,Company_260,FinTech,US,2023-01-27,ads,Enterprise,23,False,False,S-c033fa,2024-06-26,,Pro,52,2548,30576,False,False,False,False,monthly,False,1.0
A-474ad4,Company_261,EdTech,US,2023-11-28,organic,Basic,8,False,False,S-d88b25,2024-12-29,,Enterprise,24,4776,57312,False,False,False,False,annual,False,0.0
A-4ef964,Company_262,HealthTech,US,2024-03-07,organic,Pro,17,False,False,S-7d651b,2024-11-15,,Pro,28,1372,16464,False,False,False,False,monthly,True,1.0
A-fd9422,Company_263,Cybersecurity,US,2024-04-04,organic,Pro,58,False,False,S-b03125,2024-12-20,,Pro,58,2842,34104,False,False,True,False,annual,True,0.0
A-0baac2,Company_264,FinTech,DE,2024-05-30,organic,Enterprise,14,False,True,S-e50d84,2024-12-11,,Enterprise,14,2786,33432,False,False,False,False,annual,True,1.0
A-bb1486,Company_265,HealthTech,US,2024-11-05,organic,Basic,41,False,False,S-bae2c4,2024-12-25,,Pro,67,3283,39396,False,False,False,False,annual,True,1.0
A-560d27,Company_266,DevTools,US,2024-05-05,organic,Pro,23,False,False,S-f3f2bd,2024-12-17,,Basic,29,0,0,True,False,False,False,annual,True,0.0
A-0b0d6d,Company_267,DevTools,US,2024-12-30,organic,Pro,3,False,False,S-b35b20,2024-12-31,,Pro,3,147,1764,False,True,False,False,monthly,True,1.0
A-2789e3,Company_268,FinTech,US,2024-09-14,partner,Enterprise,11,False,False,S-cf30e2,2024-12-14,,Pro,11,0,0,True,False,False,False,monthly,True,0.0
A-b07346,Company_269,HealthTech,US,2024-10-10,partner,Pro,51,False,True,S-fd04d6,2024-12-28,,Enterprise,51,0,0,True,False,False,False,annual,True,1.0
A-902ef7,Company_270,HealthTech,US,2024-09-03,other,Enterprise,83,False,True,S-b6aabe,2024-12-25,,Basic,83,1577,18924,False,False,False,False,annual,True,1.0
A-20736a,Company_271,EdTech,IN,2024-03-16,organic,Enterprise,50,False,False,S-62f5b1,2024-11-23,,Enterprise,50,9950,119400,False,True,False,False,annual,True,1.0
A-e4bf56,Company_272,HealthTech,IN,2024-10-28,ads,Pro,17,False,True,S-51569a,2024-12-25,,Enterprise,22,4378,52536,False,False,False,False,monthly,True,0.0
A-cea1f0,Company_273,FinTech,US,2024-04-07,event,Pro,8,False,True,S-b59bff,2024-12-27,,Enterprise,8,1592,19104,False,False,False,False,annual,False,0.0
A-ef84cf,Company_274,EdTech,US,2024-03-01,partner,Enterprise,8,False,False,S-1ffdd8,2024-08-08,,Basic,8,152,1824,False,False,False,False,monthly,True,1.0
A-d49cc5,Company_275,Cybersecurity,FR,2023-09-19,event,Basic,50,False,False,S-8317da,2024-12-10,,Basic,50,950,11400,False,False,False,False,monthly,True,1.0
A-67be94,Company_276,EdTech,US,2023-04-04,organic,Enterprise,26,False,False,S-a707da,2024-12-18,,Pro,26,1274,15288,False,True,False,False,monthly,True,1.0
A-4e960a,Company_277,FinTech,US,2024-01-17,other,Enterprise,12,True,True,S-a87ff6,2024-12-08,,Basic,12,228,2736,False,False,False,False,monthly,True,0.0
A-c37cab,Company_278,Cybersecurity,UK,2024-07-29,event,Pro,13,False,False,S-cb853a,2024-12-17,,Basic,23,437,5244,False,False,False,False,annual,True,1.0
A-533452,Company_279,DevTools,AU,2024-11-12,organic,Pro,9,False,False,S-8deb5f,2024-12-25,,Basic,52,988,11856,False,False,False,False,annual,False,1.0
A-443b7c,Company_280,Cybersecurity,US,2024-09-06,other,Enterprise,1,False,True,S-1e83a6,2024-12-29,,Basic,8,152,1824,False,False,False,False,annual,True,0.0
A-1f7acb,Company_281,FinTech,UK,2023-08-06,ads,Basic,64,True,False,S-f4a3ac,2024-09-22,,Enterprise,64,12736,152832,False,False,False,False,annual,True,0.0
A-f51f16,Company_282,HealthTech,US,2023-12-25,partner,Enterprise,1,False,False,S-e90e70,2024-08-27,,Basic,2,38,456,False,False,False,False,annual,True,1.0
A-5a3eb9,Company_283,DevTools,CA,2023-08-20,other,Enterprise,18,True,False,S-75c1b4,2024-12-10,2024-12-28,Pro,18,882,10584,False,False,False,True,annual,True,1.0
A-5f2961,Company_284,HealthTech,US,2024-11-22,partner,Basic,4,False,False,S-8cad7b,2024-12-23,,Basic,16,304,3648,False,False,False,False,annual,True,1.0
A-417d2f,Company_285,Cybersecurity,IN,2023-07-04,partner,Pro,4,True,False,S-0a3e58,2024-12-28,,Pro,33,1617,19404,False,False,False,False,monthly,True,1.0
A-e98302,Company_286,EdTech,US,2023-12-26,ads,Enterprise,16,True,False,S-008f3c,2024-12-23,2024-12-28,Pro,58,2842,34104,False,False,False,True,annual,True,0.0
A-8bde0c,Company_287,DevTools,US,2024-11-04,organic,Basic,12,False,False,S-937207,2024-12-28,,Enterprise,12,2388,28656,False,False,False,False,monthly,True,1.0
A-bcf87c,Company_288,FinTech,US,2024-06-27,event,Pro,10,False,True,S-c555c4,2024-12-13,,Enterprise,17,3383,40596,False,False,False,False,monthly,True,0.0
A-54ecc2,Company_289,Cybersecurity,US,2023-06-11,partner,Enterprise,4,False,False,S-eea643,2024-10-30,,Enterprise,28,5572,66864,False,False,False,False,monthly,True,1.0
A-625d0b,Company_290,EdTech,AU,2024-09-02,ads,Basic,9,False,False,S-29ec80,2024-12-29,,Enterprise,9,1791,21492,False,False,False,False,annual,True,0.0
A-fce879,Company_291,EdTech,UK,2024-09-24,partner,Pro,10,True,True,S-b147b9,2024-12-13,,Basic,21,399,4788,False,False,False,False,annual,True,1.0
A-b07b56,Company_292,DevTools,US,2024-11-08,event,Pro,25,False,True,S-80dc6b,2024-12-21,,Basic,25,0,0,True,False,False,False,annual,True,1.0
A-6da850,Company_293,FinTech,IN,2023-10-07,organic,Pro,5,False,False,S-42aaf0,2024-12-31,2024-12-31,Basic,6,114,1368,False,False,False,True,annual,True,1.0
A-342303,Company_294,EdTech,US,2024-03-16,other,Pro,1,True,False,S-52d03a,2024-11-30,,Enterprise,10,0,0,True,False,False,False,annual,True,1.0
A-e7a1e2,Company_295,Cybersecurity,US,2024-06-23,event,Enterprise,3,False,False,S-df69fe,2024-12-29,,Enterprise,44,8756,105072,False,False,False,False,annual,True,1.0
A-f1f639,Company_296,EdTech,US,2023-02-26,ads,Basic,2,False,False,S-f52fd6,2024-09-19,,Enterprise,9,1791,21492,False,False,False,False,monthly,True,1.0
A-a865bd,Company_297,Cybersecurity,US,2023-09-19,organic,Pro,38,False,False,S-018501,2024-09-19,,Pro,56,2744,32928,False,False,False,False,monthly,False,1.0
A-4e631b,Company_298,FinTech,US,2024-03-16,other,Enterprise,22,False,False,S-f5888c,2024-12-10,,Basic,22,418,5016,False,False,False,False,annual,True,0.0
A-7f6b86,Company_299,HealthTech,US,2023-08-24,partner,Basic,45,True,True,S-5ddf8d,2024-12-06,,Basic,45,855,10260,False,False,False,False,annual,True,1.0
A-8adedc,Company_300,EdTech,US,2024-02-11,event,Basic,4,True,True,S-26deeb,2024-09-07,,Pro,68,3332,39984,False,False,False,False,annual,True,0.0
A-2edab2,Company_301,HealthTech,US,2023-11-17,event,Enterprise,17,False,False,S-f73a84,2024-12-15,,Pro,17,833,9996,False,False,False,False,monthly,True,1.0
A-149a69,Company_302,DevTools,US,2024-10-17,event,Basic,34,False,False,S-4c5456,2024-12-19,,Basic,34,646,7752,False,False,False,False,monthly,True,1.0
A-a6d261,Company_303,FinTech,CA,2023-11-29,other,Pro,9,False,False,S-58d2c8,2024-11-19,,Basic,13,247,2964,False,True,False,False,annual,True,1.0
A-443f6f,Company_304,Cybersecurity,US,2024-12-07,organic,Basic,19,False,False,S-9c2b8e,2024-12-26,,Basic,19,361,4332,False,True,False,False,annual,True,0.0
A-202b67,Company_305,HealthTech,US,2024-03-22,organic,Pro,11,False,False,S-b5162d,2024-10-09,,Enterprise,29,5771,69252,False,False,False,False,monthly,True,1.0
A-00bed1,Company_306,Cybersecurity,US,2023-11-14,ads,Basic,28,True,False,S-289702,2024-09-01,,Enterprise,28,5572,66864,False,False,False,False,annual,False,1.0
A-ffc04f,Company_307,EdTech,US,2024-06-06,ads,Pro,13,False,False,S-e27a20,2024-12-28,,Basic,13,247,2964,False,False,False,False,monthly,True,1.0
A-65c341,Company_308,FinTech,US,2023-12-26,ads,Pro,11,True,False,S-71827b,2024-11-15,2024-11-23,Pro,39,1911,22932,False,False,False,True,monthly,True,1.0
A-dcc2f0,Company_309,FinTech,UK,2023-07-22,organic,Basic,15,False,False,S-ff1b11,2024-11-30,,Basic,32,608,7296,False,False,False,False,annual,False,1.0
A-ced9aa,Company_310,DevTools,US,2024-10-05,other,Enterprise,3,False,False,S-a72188,2024-12-31,,Pro,3,147,1764,False,False,False,False,annual,True,0.0
A-3d957b,Company_311,HealthTech,UK,2024-04-04,other,Pro,14,False,False,S-2cc962,2024-10-16,,Enterprise,14,2786,33432,False,False,False,False,annual,False,1.0
A-89ee83,Company_312,Cybersecurity,US,2024-10-04,organic,Pro,1,False,True,S-bf304b,2024-12-27,,Enterprise,18,3582,42984,False,False,False,False,monthly,True,0.0
A-883b7d,Company_313,Cybersecurity,IN,2024-03-28,other,Basic,17,False,False,S-8bb388,2024-08-22,,Enterprise,50,9950,119400,False,False,False,False,annual,True,0.0
A-dcc3f1,Company_314,HealthTech,US,2023-12-27,event,Pro,21,False,False,S-3dc066,2024-11-20,,Basic,21,399,4788,False,False,False,False,annual,False,1.0
A-c62e55,Company_315,EdTech,US,2023-02-08,partner,Basic,1,True,False,S-2c3d7d,2024-12-31,,Pro,14,686,8232,False,False,False,False,annual,True,0.0
A-e4144b,Company_316,EdTech,UK,2024-10-22,other,Pro,41,False,False,S-35c8a3,2024-12-22,,Enterprise,41,8159,97908,False,False,False,False,annual,True,0.0
A-e40f45,Company_317,HealthTech,US,2024-04-18,organic,Pro,21,False,False,S-326691,2024-11-24,2024-12-22,Basic,21,399,4788,False,False,False,True,monthly,False,1.0
A-96215d,Company_318,FinTech,US,2024-08-08,event,Enterprise,10,False,False,S-cd8a6a,2024-11-04,,Pro,10,490,5880,False,False,False,False,annual,False,0.0
A-2b9d3e,Company_319,EdTech,US,2023-06-04,partner,Enterprise,1,False,False,S-1e3a06,2024-12-26,,Enterprise,2,398,4776,False,False,False,False,monthly,True,0.0
A-b7724f,Company_320,HealthTech,UK,2023-03-28,organic,Basic,1,False,False,S-d9f26e,2024-12-27,,Basic,29,551,6612,False,False,False,False,monthly,True,1.0
A-310452,Company_321,DevTools,FR,2024-12-25,other,Enterprise,9,False,False,S-0f949d,2024-12-29,,Pro,9,441,5292,False,False,False,False,annual,True,1.0
A-eb1312,Company_322,FinTech,US,2024-09-16,partner,Pro,25,False,False,S-29ccb8,2024-12-28,,Basic,25,475,5700,False,False,False,False,annual,True,1.0
A-df1e44,Company_323,Cybersecurity,UK,2024-02-23,organic,Enterprise,12,False,False,S-938952,2024-12-18,,Pro,12,588,7056,False,False,False,False,monthly,True,1.0
A-6a7c9d,Company_324,Cybersecurity,US,2024-10-24,organic,Enterprise,26,False,True,S-c0820a,2024-12-26,,Pro,26,1274,15288,False,False,False,False,annual,True,1.0
A-cbd1a3,Company_325,DevTools,US,2024-11-25,other,Basic,6,False,True,S-dc77b7,2024-12-29,,Basic,20,380,4560,False,False,False,False,annual,True,0.0
A-a8d89d,Company_326,EdTech,US,2023-12-08,ads,Pro,13,False,False,S-3a5c75,2024-12-05,,Basic,17,323,3876,False,False,False,False,annual,True,1.0
A-600734,Company_327,DevTools,US,2023-11-14,organic,Pro,29,True,True,S-de9b4b,2024-11-06,,Pro,36,1764,21168,False,False,False,False,monthly,True,0.0
A-86fc1d,Company_328,DevTools,UK,2024-07-26,partner,Basic,26,False,False,S-1a3627,2024-12-31,,Basic,26,0,0,True,False,False,False,monthly,True,1.0
A-78f02b,Company_329,HealthTech,US,2024-11-17,event,Enterprise,11,False,False,S-b37b2a,2024-12-08,,Pro,11,539,6468,False,True,False,False,annual,True,1.0
A-acb7f7,Company_330,EdTech,US,2024-01-06,ads,Basic,32,False,False,S-eb4b0a,2024-12-28,,Basic,32,608,7296,False,False,False,False,annual,True,1.0
A-712f1c,Company_331,DevTools,US,2023-12-16,ads,Basic,17,False,True,S-19029a,2024-12-11,,Pro,17,833,9996,False,False,False,False,annual,True,1.0
A-3793ee,Company_332,Cybersecurity,CA,2023-03-21,organic,Enterprise,49,True,False,S-efdeae,2024-10-23,,Enterprise,49,9751,117012,False,False,False,False,monthly,False,1.0
A-9a532a,Company_333,HealthTech,US,2024-07-06,partner,Enterprise,11,False,False,S-2ccc04,2024-10-18,,Enterprise,11,2189,26268,False,False,False,False,monthly,True,0.0
A-2ebb4b,Company_334,HealthTech,US,2023-05-15,ads,Basic,41,False,False,S-3c87b4,2024-12-10,,Pro,41,2009,24108,False,False,False,False,monthly,True,1.0
A-6843f2,Company_335,HealthTech,CA,2024-12-10,ads,Enterprise,21,False,False,S-09761d,2024-12-31,,Pro,23,1127,13524,False,False,False,False,annual,True,0.0
A-c9bb3e,Company_336,EdTech,US,2024-03-24,ads,Pro,5,False,False,S-4df6ec,2024-11-02,,Basic,10,190,2280,False,False,False,False,monthly,True,1.0
A-4814a3,Company_337,Cybersecurity,IN,2024-09-17,event,Basic,87,False,True,S-cd6d68,2024-12-30,,Pro,87,4263,51156,False,False,False,False,monthly,True,1.0
A-b7b7b7,Company_338,FinTech,US,2024-06-30,event,Basic,24,False,True,S-1c2a4a,2024-12-29,,Pro,24,1176,14112,False,False,False,False,annual,True,0.0
A-ccc747,Company_339,HealthTech,FR,2024-01-12,event,Pro,16,False,True,S-934bd4,2024-11-04,,Basic,16,304,3648,False,False,False,False,annual,True,1.0
A-bb3bd4,Company_340,HealthTech,US,2024-01-27,ads,Basic,23,False,False,S-550202,2024-12-17,,Basic,23,437,5244,False,False,False,False,annual,True,1.0
A-09316c,Company_341,FinTech,AU,2024-09-11,organic,Enterprise,70,False,False,S-d98caa,2024-12-29,,Enterprise,70,13930,167160,False,False,False,False,annual,True,1.0
A-96bbc6,Company_342,Cybersecurity,US,2024-05-07,organic,Enterprise,39,False,False,S-0bccd9,2024-12-25,,Basic,39,741,8892,False,False,True,False,monthly,True,1.0
A-bc4d48,Company_343,EdTech,US,2024-06-12,ads,Pro,35,True,False,S-03bfa3,2024-12-27,,Basic,35,665,7980,False,False,False,False,annual,True,0.0
A-b30291,Company_344,HealthTech,US,2024-04-05,event,Basic,5,True,True,S-d92159,2024-12-22,,Pro,5,245,2940,False,False,False,False,annual,True,1.0
A-cdf020,Company_345,DevTools,AU,2023-08-16,organic,Pro,23,False,False,S-d031a4,2024-10-09,,Pro,44,2156,25872,False,False,False,False,monthly,True,1.0
A-e6afc1,Company_346,DevTools,US,2023-02-24,ads,Pro,1,False,False,S-aaed3e,2024-12-18,,Pro,9,0,0,True,False,False,False,monthly,False,0.0
A-e3bd71,Company_347,Cybersecurity,US,2023-03-25,partner,Basic,31,False,False,S-eccbe0,2024-12-07,,Pro,31,1519,18228,False,False,False,False,annual,False,1.0
A-b179bf,Company_348,Cybersecurity,IN,2024-10-27,ads,Basic,43,False,False,S-01ae7f,2024-12-25,,Pro,43,0,0,True,False,False,False,annual,True,1.0
A-098560,Company_349,DevTools,UK,2023-10-21,ads,Enterprise,1,False,True,S-27c993,2024-11-17,,Enterprise,4,796,9552,False,False,False,False,monthly,True,1.0
A-82861f,Company_350,DevTools,UK,2024-04-25,organic,Basic,41,False,False,S-c51ab8,2024-11-19,,Enterprise,41,8159,97908,False,False,False,False,annual,False,1.0
A-94c3cd,Company_351,FinTech,CA,2023-09-20,other,Enterprise,32,False,False,S-c43200,2024-12-15,,Enterprise,32,6368,76416,False,False,False,False,monthly,True,0.0
A-a33200,Company_352,HealthTech,US,2024-09-15,partner,Basic,29,False,False,S-ba228b,2024-12-20,,Basic,29,551,6612,False,False,False,False,monthly,True,1.0
A-034368,Company_353,EdTech,US,2023-11-05,event,Enterprise,19,False,False,S-cc80ee,2024-12-12,,Enterprise,23,4577,54924,False,False,False,False,monthly,True,1.0
A-b54c01,Company_354,DevTools,US,2024-09-29,event,Enterprise,29,False,False,S-175429,2024-12-23,,Basic,29,551,6612,False,False,False,False,annual,False,1.0
A-d82ef9,Company_355,EdTech,UK,2024-07-02,other,Basic,26,False,True,S-5aff5f,2024-11-30,,Basic,26,494,5928,False,False,False,False,monthly,True,1.0
A-bb2f49,Company_356,Cybersecurity,US,2023-05-28,other,Pro,8,False,False,S-e44831,2024-12-26,,Pro,28,1372,16464,False,False,False,False,monthly,False,0.0
A-1f559b,Company_357,HealthTech,US,2023-09-04,organic,Enterprise,5,True,True,S-6754a4,2024-10-17,,Basic,10,190,2280,False,False,False,False,annual,False,1.0
A-5a215a,Company_358,EdTech,FR,2024-01-05,other,Enterprise,87,False,False,S-878fe0,2024-12-10,,Pro,87,4263,51156,False,False,False,False,annual,True,0.0
A-3f9cc0,Company_359,HealthTech,US,2024-06-03,event,Basic,22,False,False,S-d1fb2e,2024-08-04,,Enterprise,30,5970,71640,False,False,False,False,monthly,True,1.0
A-f9cc74,Company_360,DevTools,FR,2024-10-12,partner,Enterprise,30,True,False,S-e33883,2024-12-22,,Pro,30,0,0,True,False,False,False,monthly,True,0.0
A-ed510f,Company_361,Cybersecurity,IN,2023-01-17,partner,Basic,42,False,False,S-3d4f7a,2024-12-21,,Pro,42,2058,24696,False,False,False,False,monthly,True,1.0
A-5c9849,Company_362,EdTech,IN,2024-11-03,partner,Basic,19,False,False,S-240a09,2024-12-30,,Pro,19,931,11172,False,True,False,False,monthly,False,1.0
A-a7bd4b,Company_363,Cybersecurity,US,2023-02-15,ads,Enterprise,5,False,False,S-711528,2024-09-25,,Basic,18,342,4104,False,False,False,False,monthly,True,1.0
A-d4ac0e,Company_364,DevTools,UK,2024-04-20,ads,Basic,18,False,False,S-b76ba6,2024-12-14,,Pro,18,882,10584,False,False,False,False,monthly,True,0.0
A-ffdfd5,Company_365,EdTech,US,2024-04-13,organic,Basic,3,False,True,S-ef7534,2024-12-20,2024-12-31,Pro,3,147,1764,False,False,False,True,monthly,True,1.0
A-0dbdc6,Company_366,Cybersecurity,DE,2023-02-12,other,Pro,30,False,True,S-de3416,2024-12-15,,Pro,47,2303,27636,False,False,False,False,annual,True,1.0
A-7cfe77,Company_367,DevTools,US,2024-07-10,ads,Pro,69,False,False,S-bd5207,2024-12-05,,Basic,69,1311,15732,False,False,False,False,annual,True,1.0
A-1f0636,Company_368,EdTech,AU,2024-01-01,partner,Pro,105,False,False,S-c62428,2024-11-17,,Enterprise,105,20895,250740,False,False,False,False,annual,False,0.0
A-40de06,Company_369,Cybersecurity,US,2023-05-08,event,Enterprise,28,False,True,S-f52c97,2024-11-17,,Basic,28,532,6384,False,False,True,False,annual,True,0.0
A-cb5333,Company_370,DevTools,US,2024-03-26,ads,Pro,33,False,False,S-74704b,2024-12-15,,Pro,33,1617,19404,False,False,False,False,monthly,True,1.0
A-309e54,Company_371,DevTools,US,2024-12-09,other,Pro,15,False,False,S-e98d6b,2024-12-31,,Basic,15,285,3420,False,False,False,False,annual,True,1.0
A-6e7827,Company_372,DevTools,US,2023-03-26,other,Basic,1,False,False,S-22083e,2024-12-19,,Pro,17,833,9996,False,False,False,False,annual,True,1.0
A-50bb9f,Company_373,Cybersecurity,US,2024-07-12,organic,Pro,2,False,False,S-b279c9,2024-12-27,,Pro,54,2646,31752,False,False,False,False,annual,True,1.0
A-5fe118,Company_374,Cybersecurity,US,2024-11-07,other,Enterprise,39,False,False,S-6c6e62,2024-12-29,,Basic,39,0,0,True,False,False,False,monthly,True,1.0
A-5247b3,Company_375,FinTech,UK,2024-03-12,partner,Pro,16,True,False,S-d0429b,2024-11-25,,Basic,74,1406,16872,False,True,False,False,annual,True,1.0
A-f44180,Company_376,Cybersecurity,UK,2023-02-13,event,Pro,9,False,False,S-029c20,2024-12-13,,Basic,10,0,0,True,False,False,False,annual,False,1.0
A-c16cf7,Company_377,EdTech,US,2024-10-16,event,Pro,13,True,False,S-6b9696,2024-12-23,,Basic,35,665,7980,False,False,False,False,annual,True,1.0
A-d42431,Company_378,FinTech,FR,2024-06-09,ads,Enterprise,22,True,False,S-48ce17,2024-12-08,,Enterprise,22,4378,52536,False,False,False,False,annual,True,1.0
A-6965e1,Company_379,DevTools,US,2024-11-25,organic,Basic,13,False,False,S-dacc80,2024-12-30,,Basic,13,247,2964,False,False,False,False,monthly,True,1.0
A-0354fe,Company_380,Cybersecurity,US,2024-10-22,other,Basic,34,False,False,S-70af60,2024-12-10,,Basic,34,0,0,True,False,False,False,annual,True,1.0
A-0a62f5,Company_381,FinTech,UK,2024-09-11,partner,Pro,16,False,False,S-d8c527,2024-12-21,,Basic,25,475,5700,False,False,False,False,monthly,True,1.0
A-f5641b,Company_382,EdTech,US,2024-03-30,other,Pro,31,False,False,S-9a115f,2024-12-29,,Enterprise,45,8955,107460,False,False,False,False,monthly,True,1.0
A-b44e3e,Company_383,Cybersecurity,UK,2024-02-12,ads,Basic,40,False,False,S-f22b7f,2024-12-27,2024-12-27,Enterprise,40,7960,95520,False,False,False,True,annual,True,1.0
A-3b37d9,Company_384,FinTech,US,2023-01-27,event,Enterprise,23,False,False,S-3af70e,2024-11-17,,Enterprise,23,4577,54924,False,False,False,False,annual,True,1.0
A-54d94a,Company_385,Cybersecurity,IN,2023-05-01,event,Basic,27,False,False,S-6d6ab6,2024-12-21,,Basic,27,513,6156,False,False,False,False,annual,True,0.0
A-7f29a7,Company_386,Cybersecurity,UK,2024-09-18,event,Basic,41,True,False,S-9cb6a7,2024-12-21,,Basic,41,779,9348,False,False,False,False,monthly,True,1.0
A-089363,Company_387,FinTech,AU,2023-05-06,event,Basic,2,False,False,S-00b0bc,2024-12-12,,Enterprise,9,0,0,True,False,False,False,annual,True,1.0
A-524364,Company_388,DevTools,FR,2024-12-31,partner,Enterprise,3,False,False,S-9eda4d,2024-12-31,,Enterprise,3,0,0,True,False,False,False,monthly,True,0.0
A-855a48,Company_389,EdTech,US,2023-12-22,partner,Pro,14,True,False,S-c1316c,2024-07-30,,Enterprise,60,11940,143280,False,False,False,False,annual,True,1.0
A-756192,Company_390,FinTech,IN,2023-06-11,other,Basic,19,False,False,S-e89b90,2024-12-12,,Pro,38,1862,22344,False,False,False,False,annual,True,0.0
A-49b828,Company_391,FinTech,IN,2023-05-05,ads,Pro,6,False,False,S-f3d5d7,2024-11-22,,Enterprise,20,3980,47760,False,False,False,False,annual,True,0.0
A-c7ffc2,Company_392,Cybersecurity,US,2023-01-27,partner,Pro,30,True,False,S-8a7e47,2024-12-27,,Basic,49,931,11172,False,False,False,False,monthly,False,1.0
A-751c58,Company_393,FinTech,UK,2024-07-18,organic,Basic,15,False,False,S-f497df,2024-12-21,,Basic,71,1349,16188,False,False,False,False,annual,True,1.0
A-72799b,Company_394,DevTools,FR,2023-11-13,event,Enterprise,20,False,True,S-89a8a2,2024-10-21,,Pro,61,2989,35868,False,False,False,False,annual,True,1.0
A-812c5b,Company_395,DevTools,CA,2024-02-25,organic,Basic,55,False,True,S-542c37,2024-12-27,,Pro,55,2695,32340,False,False,False,False,monthly,True,1.0
A-69b156,Company_396,EdTech,US,2023-11-21,other,Pro,7,False,True,S-c2f293,2024-12-10,2024-12-30,Basic,8,152,1824,False,False,False,True,monthly,False,0.0
A-075038,Company_397,HealthTech,UK,2023-05-12,ads,Basic,17,False,False,S-da7360,2024-10-26,,Basic,42,798,9576,False,False,False,False,monthly,True,1.0
A-940b8b,Company_398,HealthTech,DE,2024-03-19,organic,Basic,1,False,False,S-b7cbc2,2024-11-11,,Enterprise,7,0,0,True,False,False,False,annual,True,0.0
A-2d1036,Company_399,FinTech,US,2024-06-14,ads,Pro,69,False,True,S-b95aac,2024-12-16,,Pro,69,3381,40572,False,False,False,False,monthly,False,1.0
A-0f6450,Company_400,FinTech,US,2024-12-27,other,Pro,28,True,True,S-e11cde,2024-12-31,,Enterprise,28,5572,66864,False,False,False,False,monthly,False,1.0
A-9affe6,Company_401,Cybersecurity,US,2023-03-22,other,Pro,7,False,False,S-01daf5,2024-11-14,,Pro,23,1127,13524,False,False,False,False,monthly,True,1.0
A-80eeb6,Company_402,Cybersecurity,UK,2023-05-09,organic,Enterprise,22,False,False,S-88cc86,2024-12-20,2024-12-31,Enterprise,22,4378,52536,False,False,False,True,annual,True,1.0
A-d4e0d4,Company_403,FinTech,US,2024-10-18,other,Basic,117,False,False,S-61cc6f,2024-12-14,,Enterprise,117,23283,279396,False,True,False,False,annual,True,0.0
A-c7e58b,Company_404,HealthTech,IN,2023-06-25,other,Pro,3,False,False,S-9e64bd,2024-09-07,,Pro,16,0,0,True,False,False,False,monthly,True,0.0
A-016043,Company_405,EdTech,CA,2024-07-31,organic,Basic,4,True,False,S-463525,2024-12-02,,Enterprise,13,2587,31044,False,False,False,False,annual,True,1.0
A-bbe56f,Company_406,HealthTech,US,2023-02-16,ads,Enterprise,21,False,False,S-f29e7f,2024-10-15,,Basic,22,418,5016,False,False,False,False,annual,True,0.0
A-7c5768,Company_407,HealthTech,UK,2024-03-02,event,Enterprise,3,False,False,S-c0789c,2024-12-02,,Enterprise,26,0,0,True,False,False,False,monthly,True,0.0
A-751bd4,Company_408,Cybersecurity,UK,2024-07-12,partner,Pro,10,False,False,S-d56a2c,2024-10-29,,Pro,35,0,0,True,False,False,False,annual,True,1.0
A-4e0e85,Company_409,DevTools,US,2023-09-08,organic,Enterprise,6,False,False,S-1eba7d,2024-12-14,,Enterprise,39,0,0,True,True,False,False,annual,True,1.0
A-ad3abd,Company_410,FinTech,US,2023-03-03,event,Pro,44,False,False,S-fa2170,2024-10-14,,Pro,44,2156,25872,False,False,False,False,monthly,True,1.0
A-e19ff6,Company_411,Cybersecurity,UK,2023-07-28,partner,Enterprise,1,False,False,S-d90f0a,2024-10-23,,Pro,26,1274,15288,False,False,False,False,monthly,False,1.0
A-7920cc,Company_412,Cybersecurity,FR,2023-11-23,ads,Pro,39,False,False,S-b7d290,2024-12-06,,Enterprise,69,13731,164772,False,False,False,False,annual,True,0.0
A-5a92e7,Company_413,HealthTech,US,2024-06-11,ads,Pro,4,False,False,S-51673a,2024-12-17,,Pro,9,0,0,True,False,False,False,monthly,True,1.0
A-fdfc91,Company_414,Cybersecurity,US,2023-05-06,ads,Basic,29,False,False,S-53e028,2024-09-14,,Basic,111,2109,25308,False,False,False,False,monthly,True,0.0
A-1e50e0,Company_415,Cybersecurity,DE,2023-02-21,other,Pro,19,True,True,S-f9c661,2024-09-05,,Enterprise,19,3781,45372,False,False,False,False,annual,True,1.0
A-1e1b80,Company_416,FinTech,CA,2023-09-12,other,Enterprise,50,False,False,S-c96d86,2024-11-04,,Basic,50,950,11400,False,True,False,False,annual,True,1.0
A-659280,Company_417,FinTech,IN,2023-11-17,event,Enterprise,13,True,True,S-f83141,2024-12-26,,Basic,17,0,0,True,False,False,False,annual,False,1.0
A-f6b2fb,Company_418,DevTools,AU,2024-04-23,event,Basic,23,False,False,S-ada718,2024-11-18,,Basic,23,437,5244,False,False,False,False,monthly,False,1.0
A-cb6cc6,Company_419,DevTools,US,2023-04-03,ads,Basic,13,True,False,S-9828eb,2024-10-01,,Pro,25,1225,14700,False,False,False,False,monthly,True,0.0
A-d62e02,Company_420,Cybersecurity,US,2024-08-20,partner,Pro,6,False,False,S-90d405,2024-12-30,,Enterprise,6,1194,14328,False,False,False,False,monthly,False,0.0
A-d535f6,Company_421,DevTools,US,2024-09-03,organic,Basic,12,True,True,S-d538f6,2024-12-15,,Enterprise,12,0,0,True,False,True,False,monthly,True,1.0
A-39868b,Company_422,FinTech,AU,2024-03-17,partner,Pro,9,False,False,S-87b9f7,2024-11-28,,Basic,17,0,0,True,False,False,False,annual,False,1.0
A-3cc791,Company_423,EdTech,US,2024-01-10,other,Enterprise,6,False,False,S-dbceba,2024-12-19,,Pro,36,1764,21168,False,False,False,False,monthly,True,1.0
A-337bc1,Company_424,Cybersecurity,US,2023-07-19,organic,Pro,30,True,False,S-28e491,2024-09-28,,Pro,30,0,0,True,False,True,False,annual,True,1.0
A-58b9ff,Company_425,DevTools,IN,2024-05-31,partner,Enterprise,2,False,False,S-150c8e,2024-11-03,,Pro,33,1617,19404,False,False,False,False,monthly,True,1.0
A-bf7919,Company_426,HealthTech,US,2024-11-27,organic,Pro,3,False,False,S-615a8a,2024-12-31,,Enterprise,11,0,0,True,False,False,False,annual,False,1.0
A-1d5444,Company_427,Cybersecurity,US,2024-01-18,partner,Basic,24,False,True,S-1b713e,2024-11-26,,Basic,24,0,0,True,True,False,False,annual,False,1.0
A-0f3e88,Company_428,HealthTech,US,2023-07-23,other,Basic,7,False,True,S-5eaab8,2024-12-11,2024-12-23,Pro,7,343,4116,False,False,False,True,monthly,False,1.0
A-7641d3,Company_429,EdTech,US,2023-02-16,partner,Pro,8,True,True,S-3b3fac,2024-11-21,,Basic,10,190,2280,False,False,False,False,annual,True,1.0
A-cd458b,Company_430,DevTools,US,2024-06-15,other,Basic,10,True,False,S-5d532c,2024-12-26,,Enterprise,10,1990,23880,False,False,True,False,monthly,True,1.0
A-c16b88,Company_431,HealthTech,US,2023-12-02,event,Enterprise,23,False,False,S-1682d4,2024-12-26,,Enterprise,23,4577,54924,False,False,False,False,annual,False,1.0
A-59f724,Company_432,HealthTech,US,2023-11-03,other,Enterprise,3,True,False,S-652885,2024-12-08,,Basic,18,342,4104,False,False,False,False,monthly,True,0.0
A-87aa7b,Company_433,HealthTech,US,2024-05-16,organic,Pro,24,True,False,S-09076d,2024-12-23,,Pro,51,2499,29988,False,True,False,False,monthly,True,1.0
A-1e6fc3,Company_434,EdTech,FR,2023-12-06,other,Pro,1,False,False,S-cb8a5c,2024-12-17,,Enterprise,1,199,2388,False,False,False,False,annual,True,1.0
A-39ddf4,Company_435,EdTech,US,2024-12-05,partner,Enterprise,40,False,False,S-cdd281,2024-12-30,,Enterprise,40,7960,95520,False,False,False,False,monthly,True,1.0
A-34ea2f,Company_436,HealthTech,US,2024-08-15,organic,Enterprise,8,False,True,S-947b62,2024-12-25,,Enterprise,16,3184,38208,False,False,False,False,annual,False,1.0
A-716841,Company_437,FinTech,US,2024-05-06,other,Pro,45,False,False,S-83c56d,2024-12-13,,Enterprise,45,8955,107460,False,False,False,False,monthly,True,1.0
A-558c72,Company_438,FinTech,US,2023-06-01,organic,Basic,12,False,False,S-ebbda6,2024-10-10,,Pro,15,735,8820,False,False,False,False,annual,True,1.0
A-b11cd0,Company_439,DevTools,US,2023-01-20,ads,Pro,26,True,True,S-9a1297,2024-07-20,,Pro,26,1274,15288,False,False,False,False,annual,True,0.0
A-cc1d8d,Company_440,FinTech,US,2024-12-08,other,Pro,5,False,False,S-51d8db,2024-12-30,,Enterprise,6,1194,14328,False,False,False,False,annual,True,1.0
A-7f4db3,Company_441,FinTech,US,2023-03-05,other,Pro,4,False,False,S-c92099,2024-12-08,2024-12-14,Enterprise,24,4776,57312,False,False,False,True,annual,True,1.0
A-db5e9e,Company_442,DevTools,US,2024-11-09,partner,Basic,4,False,False,S-984f8b,2024-12-28,2024-12-28,Enterprise,17,3383,40596,False,False,True,True,annual,True,1.0
A-cc102e,Company_443,HealthTech,US,2024-04-15,partner,Enterprise,13,False,False,S-01b2dc,2024-12-23,,Basic,13,247,2964,False,True,False,False,annual,True,1.0
A-82d8a6,Company_444,Cybersecurity,UK,2024-11-28,ads,Basic,5,False,False,S-9d7c19,2024-12-31,2024-12-31,Pro,5,245,2940,False,False,False,True,annual,True,1.0
A-dec005,Company_445,HealthTech,US,2023-10-13,partner,Pro,21,False,False,S-8fd696,2024-11-15,2024-12-03,Enterprise,54,10746,128952,False,False,False,True,annual,False,1.0
A-5790f4,Company_446,FinTech,UK,2024-12-22,event,Pro,1,True,False,S-eabe72,2024-12-26,,Basic,33,627,7524,False,False,False,False,monthly,False,1.0
A-7c83a1,Company_447,Cybersecurity,US,2024-05-06,partner,Pro,12,False,False,S-3c0121,2024-12-30,,Pro,24,1176,14112,False,False,False,False,monthly,True,1.0
A-297a2d,Company_448,HealthTech,UK,2023-05-05,event,Pro,27,False,False,S-4daf2d,2024-11-05,,Enterprise,27,5373,64476,False,False,False,False,annual,True,0.0
A-4c56c9,Company_449,FinTech,US,2023-12-20,partner,Enterprise,9,False,True,S-1f3254,2024-12-29,,Basic,18,342,4104,False,False,False,False,annual,True,1.0
A-cbbe12,Company_450,Cybersecurity,DE,2023-03-22,partner,Enterprise,40,False,False,S-8bf576,2024-12-16,,Enterprise,40,7960,95520,False,False,False,False,monthly,True,0.0
A-4a267b,Company_451,FinTech,US,2024-05-05,other,Pro,25,False,False,S-aef18a,2024-11-06,,Pro,25,0,0,True,True,False,False,annual,True,1.0
A-bcbe98,Company_452,Cybersecurity,US,2024-07-29,other,Enterprise,46,False,False,S-e964b6,2024-12-30,,Basic,46,874,10488,False,False,False,False,monthly,True,1.0
A-427b69,Company_453,FinTech,US,2024-08-23,other,Basic,17,False,False,S-59edf9,2024-12-16,,Basic,17,323,3876,False,False,False,False,monthly,False,0.0
A-0be015,Company_454,FinTech,US,2024-10-15,event,Pro,19,False,False,S-c77c84,2024-12-31,,Basic,19,0,0,True,False,False,False,monthly,False,1.0
A-054577,Company_455,EdTech,UK,2024-04-28,ads,Basic,2,False,False,S-8a37c8,2024-12-09,,Pro,8,392,4704,False,False,False,False,monthly,True,0.0
A-bc87bc,Company_456,FinTech,US,2024-07-17,event,Pro,3,False,False,S-b2f3f3,2024-12-15,,Basic,8,152,1824,False,False,False,False,monthly,True,0.0
A-0f7d77,Company_457,FinTech,IN,2024-10-28,partner,Pro,3,False,False,S-47048b,2024-12-31,,Basic,7,133,1596,False,False,False,False,annual,True,1.0
A-e7beab,Company_458,EdTech,DE,2023-10-20,organic,Enterprise,5,False,False,S-8ff318,2024-12-23,2024-12-29,Pro,5,245,2940,False,False,False,True,monthly,True,1.0
A-a09355,Company_459,FinTech,US,2024-08-10,organic,Basic,14,False,False,S-525864,2024-12-29,,Pro,14,686,8232,False,False,False,False,monthly,True,1.0
A-31ab9a,Company_460,FinTech,DE,2024-03-03,organic,Pro,3,False,False,S-08c8e1,2024-12-10,,Enterprise,14,2786,33432,False,False,False,False,monthly,True,1.0
A-0158bb,Company_461,FinTech,DE,2024-05-22,partner,Basic,5,False,False,S-fb9972,2024-12-31,,Pro,45,2205,26460,False,True,False,False,annual,True,0.0
A-f19b24,Company_462,Cybersecurity,US,2023-01-10,organic,Pro,29,True,False,S-31ac79,2024-12-01,,Basic,29,551,6612,False,False,False,False,monthly,True,0.0
A-798a3f,Company_463,DevTools,FR,2023-10-19,other,Enterprise,12,False,True,S-4b9226,2024-10-11,,Enterprise,13,2587,31044,False,False,False,False,monthly,False,1.0
A-42b791,Company_464,FinTech,AU,2024-05-20,event,Pro,3,False,False,S-1dbbc2,2024-12-30,,Basic,20,380,4560,False,False,False,False,monthly,False,0.0
A-068fc6,Company_465,EdTech,US,2023-07-17,event,Enterprise,35,False,False,S-4690b3,2024-12-16,2024-12-25,Enterprise,35,6965,83580,False,False,False,True,monthly,True,0.0
A-6f50ae,Company_466,FinTech,US,2023-09-21,partner,Pro,19,False,True,S-58b22d,2024-12-31,,Enterprise,19,3781,45372,False,False,False,False,monthly,True,1.0
A-a2485e,Company_467,FinTech,US,2024-08-04,event,Pro,3,True,False,S-2c3b6d,2024-12-05,,Enterprise,17,3383,40596,False,False,False,False,annual,True,0.0
A-bb1eaa,Company_468,Cybersecurity,US,2024-06-11,organic,Basic,21,False,False,S-0a15fa,2024-12-12,,Pro,25,1225,14700,False,False,False,False,annual,True,1.0
A-cc98bc,Company_469,DevTools,US,2023-05-24,ads,Basic,32,False,False,S-712e04,2024-09-20,,Basic,32,0,0,True,False,False,False,monthly,True,0.0
A-d77f4c,Company_470,DevTools,US,2023-09-25,partner,Pro,4,True,False,S-d82234,2024-12-17,2024-12-18,Pro,4,196,2352,False,True,False,True,annual,True,1.0
A-ccabf0,Company_471,HealthTech,IN,2023-11-06,organic,Pro,1,False,False,S-d449e1,2024-10-15,2024-11-06,Basic,25,0,0,True,False,False,True,annual,True,1.0
A-700ade,Company_472,Cybersecurity,UK,2024-10-31,organic,Enterprise,1,True,False,S-15a8c0,2024-12-29,,Basic,50,950,11400,False,False,False,False,monthly,False,0.0
A-4a4c2d,Company_473,DevTools,US,2023-05-02,event,Enterprise,54,False,False,S-79535e,2024-12-11,,Pro,54,2646,31752,False,False,False,False,monthly,True,0.0
A-b7ef83,Company_474,Cybersecurity,UK,2024-05-29,partner,Pro,1,True,False,S-7ff88c,2024-12-30,,Pro,12,588,7056,False,False,False,False,monthly,False,1.0
A-e08cd3,Company_475,FinTech,US,2024-09-21,ads,Pro,67,True,False,S-384681,2024-12-25,,Basic,67,1273,15276,False,False,True,False,annual,True,1.0
A-19b2c8,Company_476,DevTools,IN,2023-06-06,other,Pro,20,False,False,S-0c0691,2024-10-25,,Enterprise,20,3980,47760,False,False,False,False,monthly,True,1.0
A-970c97,Company_477,HealthTech,DE,2024-03-01,other,Enterprise,14,False,False,S-ccdc31,2024-12-16,,Pro,19,931,11172,False,False,False,False,annual,True,0.0
A-6dee43,Company_478,FinTech,UK,2023-08-12,other,Basic,3,True,False,S-46dfac,2024-10-16,,Pro,17,0,0,True,False,False,False,annual,True,1.0
A-5ed98d,Company_479,DevTools,US,2024-06-22,partner,Basic,24,False,False,S-5a5338,2024-12-21,,Basic,38,0,0,True,False,False,False,annual,True,1.0
A-c58f49,Company_480,EdTech,US,2024-07-31,other,Enterprise,70,True,False,S-354f6f,2024-11-24,,Enterprise,70,13930,167160,False,False,False,False,annual,True,1.0
A-9c18c4,Company_481,HealthTech,US,2023-07-27,ads,Pro,11,False,True,S-2971ae,2024-10-13,,Enterprise,11,2189,26268,False,True,False,False,monthly,True,0.0
A-cc8c8f,Company_482,DevTools,US,2024-06-16,ads,Enterprise,23,False,False,S-bc7cab,2024-12-19,,Basic,48,0,0,True,False,True,False,annual,True,1.0
A-5f7781,Company_483,DevTools,US,2024-08-20,other,Pro,22,False,False,S-d0bb87,2024-12-07,,Pro,22,1078,12936,False,False,False,False,annual,True,1.0
A-e1b9cd,Company_484,DevTools,US,2023-02-26,event,Pro,40,False,True,S-66a625,2024-12-24,,Pro,40,1960,23520,False,False,False,False,monthly,True,1.0
A-ac85cd,Company_485,EdTech,US,2024-07-31,partner,Enterprise,53,False,False,S-f366b3,2024-12-26,,Pro,85,4165,49980,False,False,False,False,annual,True,1.0
A-d792a6,Company_486,DevTools,US,2023-01-23,organic,Enterprise,4,False,False,S-761a0f,2024-10-17,,Enterprise,65,12935,155220,False,False,False,False,annual,True,1.0
A-ac9111,Company_487,HealthTech,US,2023-08-12,event,Pro,21,True,False,S-b099ea,2024-12-21,,Enterprise,21,4179,50148,False,False,False,False,monthly,True,1.0
A-18793f,Company_488,EdTech,US,2024-12-18,organic,Basic,148,True,False,S-e2d4e9,2024-12-30,,Basic,148,0,0,True,True,False,False,monthly,True,1.0
A-9f0b68,Company_489,EdTech,US,2024-04-28,ads,Basic,10,False,False,S-124336,2024-11-30,,Pro,18,0,0,True,True,False,False,annual,True,1.0
A-d3c88e,Company_490,DevTools,US,2024-10-18,event,Pro,16,False,False,S-b5d3cc,2024-12-29,,Enterprise,16,3184,38208,False,False,False,False,monthly,True,1.0
A-ccb686,Company_491,DevTools,US,2024-01-22,other,Basic,10,False,False,S-8f7c91,2024-12-11,,Basic,11,209,2508,False,False,False,False,annual,True,1.0
A-118f1c,Company_492,Cybersecurity,US,2024-10-31,other,Pro,32,False,False,S-3fb8f4,2024-12-28,,Enterprise,32,6368,76416,False,False,False,False,annual,False,1.0
A-0e966d,Company_493,FinTech,IN,2024-06-25,ads,Basic,11,False,True,S-62c824,2024-11-26,2024-11-30,Basic,11,209,2508,False,False,False,True,annual,True,0.0
A-b9f5b1,Company_494,Cybersecurity,US,2023-01-24,other,Pro,15,True,False,S-e78c09,2024-10-15,,Enterprise,15,2985,35820,False,False,False,False,annual,True,1.0
A-8ae3fc,Company_495,DevTools,CA,2024-06-28,ads,Pro,9,False,False,S-f20079,2024-12-16,,Basic,20,380,4560,False,False,False,False,monthly,True,1.0
A-55f257,Company_496,FinTech,US,2023-12-21,organic,Basic,9,False,False,S-19edee,2024-08-19,,Enterprise,21,4179,50148,False,False,False,False,monthly,False,0.0
A-d26ab4,Company_497,DevTools,UK,2024-11-07,organic,Basic,9,False,True,S-86571c,2024-12-27,,Enterprise,33,6567,78804,False,False,False,False,monthly,True,1.0
A-712533,Company_498,EdTech,US,2023-07-31,organic,Pro,18,False,False,S-906b0c,2024-12-05,,Pro,18,882,10584,False,False,False,False,monthly,False,1.0
A-781cc0,Company_499,EdTech,US,2024-09-04,organic,Pro,12,False,False,S-0896f4,2024-12-08,,Basic,12,228,2736,False,False,False,False,annual,True,1.0
